Time (μs)	State	ENA (0-255)	Position (m)	Velocity (m/s)	Acceleration (m/s^2)	Angular Position (radian)	Angular Velocity (radian/s)	Angular Acceleration (radian/s^2)	Event
2124124,0,-3146.8286,0.0000,0.0000,3.1468,0.0000,
2136088,0,-3146.8286,0.0000,0.0000,3.1468,0.0000,
2147995,0,-3146.8286,0.0000,0.0000,3.1468,0.0000,
2159971,0,-3146.8286,0.0000,0.0000,3.1468,0.0000,
2171826,0,-3146.8286,0.0000,0.0000,3.1468,0.0000,
2183717,0,-3146.8286,0.0000,0.0000,3.1468,0.0000,
2195651,0,-3146.8286,0.0000,0.0000,3.1468,0.0000,
2207496,0,-3144.2107,0.0000,0.0000,3.1442,0.0000,
2219393,0,-3141.5928,0.0000,0.0000,3.1416,0.0000,
2231333,0,-3136.3567,0.0000,0.0000,3.1364,0.0000,
2243282,0,-3131.1206,0.0000,0.0000,3.1311,0.0000,
2255279,0,-3123.2666,0.0000,0.0000,3.1233,0.0000,
2267063,0,-3118.0308,0.0000,0.0000,3.1180,0.0000,
2279006,0,-3110.1768,0.0000,0.0000,3.1102,0.0000,
2290946,0,-3102.3228,0.0000,0.0000,3.1023,0.0000,
2302838,0,-3094.4688,0.0000,0.0000,3.0945,0.0000,
2314800,0,-3086.6147,0.0000,0.0000,3.0866,0.0000,
2326722,0,-3078.7607,0.0000,0.0000,3.0788,0.0000,
2338678,0,-3070.9070,0.0000,0.0000,3.0709,0.0000,
2350616,0,-3063.0530,0.0000,0.0000,3.0631,0.0000,
2362430,0,-3055.1990,0.0000,0.0000,3.0552,0.0000,
2374394,0,-3047.3450,0.0000,0.0000,3.0473,0.0000,
2386338,0,-3039.4910,0.0000,0.0000,3.0395,0.0000,
2398295,0,-3029.0188,0.0000,0.0000,3.0290,0.0000,
2410011,0,-3018.5471,0.0000,0.0000,3.0185,0.0000,
2421980,0,-3008.0750,0.0000,0.0000,3.0081,0.0000,
2433801,0,-2994.9851,0.0000,0.0000,2.9950,0.0000,
2445747,0,-2981.8950,0.0000,0.0000,2.9819,0.0000,
2457724,0,-2963.5691,0.0000,0.0000,2.9636,0.0000,
2469689,0,-2945.2432,0.0000,0.0000,2.9452,0.0000,
2481663,0,-2926.9170,0.0000,0.0000,2.9269,0.0000,
2493618,0,-2905.9731,0.0000,0.0000,2.9060,0.0000,
2505458,0,-2882.4111,0.0000,0.0000,2.8824,0.0000,
2517438,0,-2858.8494,0.0000,0.0000,2.8588,0.0000,
2529416,0,-2832.6694,0.0000,0.0000,2.8327,0.0000,
2541388,0,-2803.8713,0.0000,0.0000,2.8039,0.0000,
2553387,0,-2775.0735,0.0000,0.0000,2.7751,0.0000,
2565392,0,-2743.6575,0.0000,0.0000,2.7437,0.0000,
2577380,0,-2712.2417,0.0000,0.0000,2.7122,0.0000,
2589347,0,-2678.2075,0.0000,0.0000,2.6782,0.0000,
2601314,0,-2641.5557,0.0000,0.0000,2.6416,0.0000,
2613375,0,-2604.9041,0.0000,0.0000,2.6049,0.0000,
2625344,0,-2565.6340,0.0000,0.0000,2.5656,0.0000,
2637359,0,-2526.3640,0.0000,0.0000,2.5264,0.0000,
2649303,0,-2487.0942,0.0000,0.0000,2.4871,0.0000,
2661345,0,-2442.5884,0.0000,0.0000,2.4426,0.0000,
2673389,0,-2400.7004,0.0000,0.0000,2.4007,0.0000,
2685406,0,-2356.1946,0.0000,0.0000,2.3562,0.0000,
2697409,0,-2311.6887,0.0000,0.0000,2.3117,0.0000,
2709360,0,-2269.8008,0.0000,0.0000,2.2698,0.0000,
2721352,0,-2225.2949,0.0000,0.0000,2.2253,0.0000,
2733363,0,-2180.7891,0.0000,0.0000,2.1808,0.0000,
2745360,0,-2138.9009,0.0000,0.0000,2.1389,0.0000,
2757407,0,-2094.3953,0.0000,0.0000,2.0944,0.0000,
2769434,0,-2052.5071,0.0000,0.0000,2.0525,0.0000,
2781451,0,-2010.6194,0.0000,0.0000,2.0106,0.0000,
2793427,0,-1968.7314,0.0000,0.0000,1.9687,0.0000,
2805450,0,-1926.8435,0.0000,0.0000,1.9268,0.0000,
2817425,0,-1887.5736,0.0000,0.0000,1.8876,0.0000,
2829431,0,-1848.3037,0.0000,0.0000,1.8483,0.0000,
2841461,0,-1811.6517,0.0000,0.0000,1.8117,0.0000,
2853460,0,-1772.3818,0.0000,0.0000,1.7724,0.0000,
2865472,0,-1738.3479,0.0000,0.0000,1.7383,0.0000,
2877522,0,-1701.6960,0.0000,0.0000,1.7017,0.0000,
2889530,0,-1667.6620,0.0000,0.0000,1.6677,0.0000,
2901436,0,-1633.6282,0.0000,0.0000,1.6336,0.0000,
2913458,0,-1599.5942,0.0000,0.0000,1.5996,0.0000,
2925511,0,-1565.5603,0.0000,0.0000,1.5656,0.0000,
2937485,0,-1534.1444,0.0000,0.0000,1.5341,0.0000,
2949507,0,-1502.7285,0.0000,0.0000,1.5027,0.0000,
2961495,0,-1471.3125,0.0000,0.0000,1.4713,0.0000,
2973486,0,-1439.8966,0.0000,0.0000,1.4399,0.0000,
2985515,0,-1411.0988,0.0000,0.0000,1.4111,0.0000,
2997493,0,-1382.3008,0.0000,0.0000,1.3823,0.0000,
3009365,0,-1353.5029,0.0000,0.0000,1.3535,0.0000,
3021378,0,-1322.0869,0.0000,0.0000,1.3221,0.0000,
3033387,0,-1293.2889,0.0000,0.0000,1.2933,0.0000,
3045382,0,-1264.4911,0.0000,0.0000,1.2645,0.0000,
3057351,0,-1238.3110,0.0000,0.0000,1.2383,0.0000,
3069380,0,-1209.5132,0.0000,0.0000,1.2095,0.0000,
3081351,0,-1183.3331,0.0000,0.0000,1.1833,0.0000,
3093339,0,-1157.1532,0.0000,0.0000,1.1572,0.0000,
3105316,0,-1133.5913,0.0000,0.0000,1.1336,0.0000,
3117270,0,-1107.4115,0.0000,0.0000,1.1074,0.0000,
3129141,0,-1083.8496,0.0000,0.0000,1.0838,0.0000,
3141007,0,-1062.9054,0.0000,0.0000,1.0629,0.0000,
3152994,0,-1039.3435,0.0000,0.0000,1.0393,0.0000,
3164971,0,-1018.3996,0.0000,0.0000,1.0184,0.0000,
3176733,0,-994.8377,0.0000,0.0000,0.9948,0.0000,
3188736,0,-973.8938,0.0000,0.0000,0.9739,0.0000,
3200735,0,-952.9497,0.0000,0.0000,0.9529,0.0000,
3212698,0,-929.3880,0.0000,0.0000,0.9294,0.0000,
3224709,0,-905.8260,0.0000,0.0000,0.9058,0.0000,
3236661,0,-879.6460,0.0000,0.0000,0.8796,0.0000,
3248630,0,-853.4660,0.0000,0.0000,0.8535,0.0000,
3260650,0,-827.2862,0.0000,0.0000,0.8273,0.0000,
3272634,0,-801.1061,0.0000,0.0000,0.8011,0.0000,
3284637,0,-772.3083,0.0000,0.0000,0.7723,0.0000,
3296640,0,-743.5104,0.0000,0.0000,0.7435,0.0000,
3308679,0,-712.0945,0.0000,0.0000,0.7121,0.0000,
3320704,0,-683.2964,0.0000,0.0000,0.6833,0.0000,
3332705,0,-654.4985,0.0000,0.0000,0.6545,0.0000,
3344699,0,-625.7006,0.0000,0.0000,0.6257,0.0000,
3356686,0,-599.5206,0.0000,0.0000,0.5995,0.0000,
3368651,0,-570.7228,0.0000,0.0000,0.5707,0.0000,
3380639,0,-544.5427,0.0000,0.0000,0.5445,0.0000,
3392625,0,-518.3629,0.0000,0.0000,0.5184,0.0000,
3404640,0,-494.8010,0.0000,0.0000,0.4948,0.0000,
3416627,0,-468.6209,0.0000,0.0000,0.4686,0.0000,
3428503,0,-445.0590,0.0000,0.0000,0.4451,0.0000,
3440462,0,-421.4970,0.0000,0.0000,0.4215,0.0000,
3452452,0,-397.9351,0.0000,0.0000,0.3979,0.0000,
3464375,0,-374.3731,0.0000,0.0000,0.3744,0.0000,
3476360,0,-353.4292,0.0000,0.0000,0.3534,0.0000,
3488309,0,-335.1032,0.0000,0.0000,0.3351,0.0000,
3500138,0,-316.7774,0.0000,0.0000,0.3168,0.0000,
3512014,0,-298.4513,0.0000,0.0000,0.2985,0.0000,
3523977,0,-282.7434,0.0000,0.0000,0.2827,0.0000,
3535890,0,-267.0354,0.0000,0.0000,0.2670,0.0000,
3547763,0,-251.3274,0.0000,0.0000,0.2513,0.0000,
3559719,0,-235.6195,0.0000,0.0000,0.2356,0.0000,
3571654,0,-222.5296,0.0000,0.0000,0.2225,0.0000,
3583675,0,-209.4394,0.0000,0.0000,0.2094,0.0000,
3595605,0,-196.3495,0.0000,0.0000,0.1963,0.0000,
3607424,0,-185.8775,0.0000,0.0000,0.1859,0.0000,
3619401,0,-175.4057,0.0000,0.0000,0.1754,0.0000,
3631358,0,-167.5517,0.0000,0.0000,0.1676,0.0000,
3643303,0,-157.0796,0.0000,0.0000,0.1571,0.0000,
3655072,0,-149.2256,0.0000,0.0000,0.1492,0.0000,
3666998,0,-141.3716,0.0000,0.0000,0.1414,0.0000,
3678921,0,-133.5177,0.0000,0.0000,0.1335,0.0000,
3690732,0,-128.2817,0.0000,0.0000,0.1283,0.0000,
3702673,0,-123.0458,0.0000,0.0000,0.1230,0.0000,
3714622,0,-117.8097,0.0000,0.0000,0.1178,0.0000,
3726567,0,-112.5738,0.0000,0.0000,0.1126,0.0000,
3738379,0,-107.3379,0.0000,0.0000,0.1073,0.0000,
3750336,0,-104.7198,0.0000,0.0000,0.1047,0.0000,
3762275,0,-102.1017,0.0000,0.0000,0.1021,0.0000,
3774125,0,-99.4839,0.0000,0.0000,0.0995,0.0000,
3786086,0,-99.4839,0.0000,0.0000,0.0995,0.0000,
3797948,0,-96.8658,0.0000,0.0000,0.0969,0.0000,
3809765,0,-94.2477,0.0000,0.0000,0.0942,0.0000,
3821738,0,-91.6299,0.0000,0.0000,0.0916,0.0000,
3833645,0,-89.0118,0.0000,0.0000,0.0890,0.0000,
3845475,0,-89.0118,0.0000,0.0000,0.0890,0.0000,
3857336,0,-89.0118,0.0000,0.0000,0.0890,0.0000,
3869269,0,-89.0118,0.0000,0.0000,0.0890,0.0000,
3881088,0,-89.0118,0.0000,0.0000,0.0890,0.0000,
3893041,0,-89.0118,0.0000,0.0000,0.0890,0.0000,
3904993,0,-89.0118,0.0000,0.0000,0.0890,0.0000,
3916895,0,-89.0118,0.0000,0.0000,0.0890,0.0000,
3928689,0,-89.0118,0.0000,0.0000,0.0890,0.0000,
3940662,0,-89.0118,0.0000,0.0000,0.0890,0.0000,
3952552,0,-86.3937,0.0000,0.0000,0.0864,0.0000,
3964448,0,-83.7759,0.0000,0.0000,0.0838,0.0000,
3976370,0,-81.1578,0.0000,0.0000,0.0812,0.0000,
3988310,0,-78.5398,0.0000,0.0000,0.0785,0.0000,
4000278,0,-78.5398,0.0000,0.0000,0.0785,0.0000,
4012054,0,-75.9219,0.0000,0.0000,0.0759,0.0000,
4023978,0,-73.3038,0.0000,0.0000,0.0733,0.0000,
4035898,0,-70.6858,0.0000,0.0000,0.0707,0.0000,
4047800,0,-70.6858,0.0000,0.0000,0.0707,0.0000,
4059739,0,-68.0679,0.0000,0.0000,0.0681,0.0000,
4071641,0,-68.0679,0.0000,0.0000,0.0681,0.0000,
4083605,0,-65.4499,0.0000,0.0000,0.0654,0.0000,
4095479,0,-65.4499,0.0000,0.0000,0.0654,0.0000,
4107422,0,-65.4499,0.0000,0.0000,0.0654,0.0000,
4119285,0,-65.4499,0.0000,0.0000,0.0654,0.0000,
4131061,0,-65.4499,0.0000,0.0000,0.0654,0.0000,
4143005,0,-65.4499,0.0000,0.0000,0.0654,0.0000,
4154946,0,-65.4499,0.0000,0.0000,0.0654,0.0000,
4166727,0,-65.4499,0.0000,0.0000,0.0654,0.0000,
4178626,0,-62.8318,0.0000,0.0000,0.0628,0.0000,
4190575,0,-62.8318,0.0000,0.0000,0.0628,0.0000,
4202382,0,-60.2140,0.0000,0.0000,0.0602,0.0000,
4214344,0,-60.2140,0.0000,0.0000,0.0602,0.0000,
4226173,0,-57.5959,0.0000,0.0000,0.0576,0.0000,
4237979,0,-54.9778,0.0000,0.0000,0.0550,0.0000,
4249907,0,-54.9778,0.0000,0.0000,0.0550,0.0000,
4261695,0,-52.3600,0.0000,0.0000,0.0524,0.0000,
4273627,0,-52.3600,0.0000,0.0000,0.0524,0.0000,
4285418,0,-52.3600,0.0000,0.0000,0.0524,0.0000,
4297301,0,-52.3600,0.0000,0.0000,0.0524,0.0000,
4309149,0,-52.3600,0.0000,0.0000,0.0524,0.0000,
4320937,0,-52.3600,0.0000,0.0000,0.0524,0.0000,
4332752,0,-52.3600,0.0000,0.0000,0.0524,0.0000,
4344654,0,-54.9778,0.0000,0.0000,0.0550,0.0000,
4356516,0,-54.9778,0.0000,0.0000,0.0550,0.0000,
4368444,0,-54.9778,0.0000,0.0000,0.0550,0.0000,
4380347,0,-54.9778,0.0000,0.0000,0.0550,0.0000,
4392270,0,-54.9778,0.0000,0.0000,0.0550,0.0000,
4404108,0,-54.9778,0.0000,0.0000,0.0550,0.0000,
4416071,0,-52.3600,0.0000,0.0000,0.0524,0.0000,
4427987,0,-52.3600,0.0000,0.0000,0.0524,0.0000,
4439909,0,-52.3600,0.0000,0.0000,0.0524,0.0000,
4451706,0,-52.3600,0.0000,0.0000,0.0524,0.0000,
4463672,0,-52.3600,0.0000,0.0000,0.0524,0.0000,
4475586,0,-49.7419,0.0000,0.0000,0.0497,0.0000,
4487381,0,-49.7419,0.0000,0.0000,0.0497,0.0000,
4499334,0,-47.1238,0.0000,0.0000,0.0471,0.0000,
4511281,0,-47.1238,0.0000,0.0000,0.0471,0.0000,
4523034,0,-44.5060,0.0000,0.0000,0.0445,0.0000,
4534933,0,-44.5060,0.0000,0.0000,0.0445,0.0000,
4546765,0,-41.8879,0.0000,0.0000,0.0419,0.0000,
4558712,0,-41.8879,0.0000,0.0000,0.0419,0.0000,
4570639,0,-39.2698,0.0000,0.0000,0.0393,0.0000,
4582521,0,-39.2698,0.0000,0.0000,0.0393,0.0000,
4594466,0,-36.6520,0.0000,0.0000,0.0367,0.0000,
4606428,0,-36.6520,0.0000,0.0000,0.0367,0.0000,
4618381,0,-34.0339,0.0000,0.0000,0.0340,0.0000,
4630304,0,-31.4159,0.0000,0.0000,0.0314,0.0000,
4642268,0,-31.4159,0.0000,0.0000,0.0314,0.0000,
4654048,0,-31.4159,0.0000,0.0000,0.0314,0.0000,
4665949,0,-28.7980,0.0000,0.0000,0.0288,0.0000,
4677762,0,-28.7980,0.0000,0.0000,0.0288,0.0000,
4689709,0,-26.1799,0.0000,0.0000,0.0262,0.0000,
4701646,0,-26.1799,0.0000,0.0000,0.0262,0.0000,
4713586,0,-26.1799,0.0000,0.0000,0.0262,0.0000,
4725397,0,-23.5619,0.0000,0.0000,0.0236,0.0000,
4737345,0,-23.5619,0.0000,0.0000,0.0236,0.0000,
4749276,0,-23.5619,0.0000,0.0000,0.0236,0.0000,
4761093,0,-20.9440,0.0000,0.0000,0.0209,0.0000,
4773003,0,-20.9440,0.0000,0.0000,0.0209,0.0000,
4784904,0,-20.9440,0.0000,0.0000,0.0209,0.0000,
4796687,0,-18.3260,0.0000,0.0000,0.0183,0.0000,
4808656,0,-18.3260,0.0000,0.0000,0.0183,0.0000,
4820479,0,-18.3260,0.0000,0.0000,0.0183,0.0000,
4832319,0,-18.3260,0.0000,0.0000,0.0183,0.0000,
4844297,0,-15.7079,0.0000,0.0000,0.0157,0.0000,
4856060,0,-15.7079,0.0000,0.0000,0.0157,0.0000,
4867969,0,-15.7079,0.0000,0.0000,0.0157,0.0000,
4879933,0,-13.0900,0.0000,0.0000,0.0131,0.0000,
4891810,0,-13.0900,0.0000,0.0000,0.0131,0.0000,
4903767,0,-13.0900,0.0000,0.0000,0.0131,0.0000,
4915664,0,-13.0900,0.0000,0.0000,0.0131,0.0000,
4927481,0,-13.0900,0.0000,0.0000,0.0131,0.0000,
4939323,0,-13.0900,0.0000,0.0000,0.0131,0.0000,
4951264,0,-13.0900,0.0000,0.0000,0.0131,0.0000,
4963153,0,-10.4720,0.0000,0.0000,0.0105,0.0000,
4975007,0,-10.4720,0.0000,0.0000,0.0105,0.0000,
4986920,0,-10.4720,0.0000,0.0000,0.0105,0.0000,
4998735,0,-10.4720,0.0000,0.0000,0.0105,0.0000,
5010641,0,-10.4720,0.0000,0.0000,0.0105,0.0000,
5022531,0,-10.4720,0.0000,0.0000,0.0105,0.0000,
5034427,0,-10.4720,0.0000,0.0000,0.0105,0.0000,
5046381,0,-10.4720,0.0000,0.0000,0.0105,0.0000,
5058289,0,-10.4720,0.0000,0.0000,0.0105,0.0000,
5070030,0,-10.4720,0.0000,0.0000,0.0105,0.0000,
5081953,0,-10.4720,0.0000,0.0000,0.0105,0.0000,
5093789,0,-10.4720,0.0000,0.0000,0.0105,0.0000,
5105689,0,-10.4720,0.0000,0.0000,0.0105,0.0000,
5117612,0,-10.4720,0.0000,0.0000,0.0105,0.0000,
5129415,0,-10.4720,0.0000,0.0000,0.0105,0.0000,
5141303,0,-10.4720,0.0000,0.0000,0.0105,0.0000,
5153037,0,-10.4720,0.0000,0.0000,0.0105,0.0000,
5164937,0,-10.4720,0.0000,0.0000,0.0105,0.0000,
5176758,0,-10.4720,0.0000,0.0000,0.0105,0.0000,
5188678,0,-10.4720,0.0000,0.0000,0.0105,0.0000,
5200488,0,-10.4720,0.0000,0.0000,0.0105,0.0000,
5212372,0,-10.4720,0.0000,0.0000,0.0105,0.0000,
5224274,0,-10.4720,0.0000,0.0000,0.0105,0.0000,
5236037,0,-10.4720,0.0000,0.0000,0.0105,0.0000,
5248014,0,-7.8539,0.0000,0.0000,0.0079,0.0000,
5259944,0,-7.8539,0.0000,0.0000,0.0079,0.0000,
5271749,0,-7.8539,0.0000,0.0000,0.0079,0.0000,
5283666,0,-7.8539,0.0000,0.0000,0.0079,0.0000,
5295498,0,-7.8539,0.0000,0.0000,0.0079,0.0000,
5307402,0,-7.8539,0.0000,0.0000,0.0079,0.0000,
5319354,0,-7.8539,0.0000,0.0000,0.0079,0.0000,
5331261,0,-7.8539,0.0000,0.0000,0.0079,0.0000,
5343124,0,-7.8539,0.0000,0.0000,0.0079,0.0000,
5354964,0,-7.8539,0.0000,0.0000,0.0079,0.0000,
5366785,0,-7.8539,0.0000,0.0000,0.0079,0.0000,
5378679,0,-7.8539,0.0000,0.0000,0.0079,0.0000,
5390589,0,-7.8539,0.0000,0.0000,0.0079,0.0000,
5402373,0,-7.8539,0.0000,0.0000,0.0079,0.0000,
5414295,0,-7.8539,0.0000,0.0000,0.0079,0.0000,
5426082,0,-7.8539,0.0000,0.0000,0.0079,0.0000,
5437998,0,-10.4720,0.0000,0.0000,0.0105,0.0000,
5449957,0,-10.4720,0.0000,0.0000,0.0105,0.0000,
5461790,0,-10.4720,0.0000,0.0000,0.0105,0.0000,
5473700,0,-10.4720,0.0000,0.0000,0.0105,0.0000,
5485603,0,-10.4720,0.0000,0.0000,0.0105,0.0000,
5497421,0,-10.4720,0.0000,0.0000,0.0105,0.0000,
5509350,0,-13.0900,0.0000,0.0000,0.0131,0.0000,
5521261,0,-13.0900,0.0000,0.0000,0.0131,0.0000,
5533072,0,-13.0900,0.0000,0.0000,0.0131,0.0000,
5544978,0,-13.0900,0.0000,0.0000,0.0131,0.0000,
5556782,0,-13.0900,0.0000,0.0000,0.0131,0.0000,
5568680,0,-13.0900,0.0000,0.0000,0.0131,0.0000,
5580597,0,-13.0900,0.0000,0.0000,0.0131,0.0000,
5592408,0,-13.0900,0.0000,0.0000,0.0131,0.0000,
5604363,0,-13.0900,0.0000,0.0000,0.0131,0.0000,
5616268,0,-13.0900,0.0000,0.0000,0.0131,0.0000,
5628071,0,-13.0900,0.0000,0.0000,0.0131,0.0000,
5639993,0,-13.0900,0.0000,0.0000,0.0131,0.0000,
5651909,0,-13.0900,0.0000,0.0000,0.0131,0.0000,
5663793,0,-13.0900,0.0000,0.0000,0.0131,0.0000,
5675721,0,-13.0900,0.0000,0.0000,0.0131,0.0000,
5687642,0,-13.0900,0.0000,0.0000,0.0131,0.0000,
5699520,0,-13.0900,0.0000,0.0000,0.0131,0.0000,
5711461,0,-13.0900,0.0000,0.0000,0.0131,0.0000,
5723338,0,-13.0900,0.0000,0.0000,0.0131,0.0000,
5735255,0,-13.0900,0.0000,0.0000,0.0131,0.0000,
5747093,0,-13.0900,0.0000,0.0000,0.0131,0.0000,
5759073,0,-13.0900,0.0000,0.0000,0.0131,0.0000,
5770956,0,-13.0900,0.0000,0.0000,0.0131,0.0000,
5782710,0,-13.0900,0.0000,0.0000,0.0131,0.0000,
5794609,0,-13.0900,0.0000,0.0000,0.0131,0.0000,
5806426,0,-13.0900,0.0000,0.0000,0.0131,0.0000,
5818345,0,-13.0900,0.0000,0.0000,0.0131,0.0000,
5830266,0,-13.0900,0.0000,0.0000,0.0131,0.0000,
5842090,0,-13.0900,0.0000,0.0000,0.0131,0.0000,
5854004,0,-13.0900,0.0000,0.0000,0.0131,0.0000,
5865918,0,-13.0900,0.0000,0.0000,0.0131,0.0000,
5877708,0,-13.0900,0.0000,0.0000,0.0131,0.0000,
5889596,0,-13.0900,0.0000,0.0000,0.0131,0.0000,
5901491,0,-13.0900,0.0000,0.0000,0.0131,0.0000,
5913423,0,-13.0900,0.0000,0.0000,0.0131,0.0000,
5925323,0,-13.0900,0.0000,0.0000,0.0131,0.0000,
5937266,0,-13.0900,0.0000,0.0000,0.0131,0.0000,
5949114,0,-13.0900,0.0000,0.0000,0.0131,0.0000,
5961001,0,-13.0900,0.0000,0.0000,0.0131,0.0000,
5972919,0,-13.0900,0.0000,0.0000,0.0131,0.0000,
5984727,0,-13.0900,0.0000,0.0000,0.0131,0.0000,
5996642,0,-13.0900,0.0000,0.0000,0.0131,0.0000,
6008527,0,-13.0900,0.0000,0.0000,0.0131,0.0000,
6020510,0,-13.0900,0.0000,0.0000,0.0131,0.0000,
6032447,0,-13.0900,0.0000,0.0000,0.0131,0.0000,
6044311,0,-13.0900,0.0000,0.0000,0.0131,0.0000,
6056062,0,-13.0900,0.0000,0.0000,0.0131,0.0000,
6067992,0,-13.0900,0.0000,0.0000,0.0131,0.0000,
6079894,0,-13.0900,0.0000,0.0000,0.0131,0.0000,
6091676,0,-13.0900,0.0000,0.0000,0.0131,0.0000,
6103459,0,-13.0900,0.0000,0.0000,0.0131,0.0000,
6115350,0,-13.0900,0.0000,0.0000,0.0131,0.0000,
6127292,0,-13.0900,0.0000,0.0000,0.0131,0.0000,
6139011,0,-13.0900,0.0000,0.0000,0.0131,0.0000,
6150930,0,-15.7079,0.0000,0.0000,0.0157,0.0000,
6162761,0,-15.7079,0.0000,0.0000,0.0157,0.0000,
6174709,0,-15.7079,0.0000,0.0000,0.0157,0.0000,
6186635,0,-15.7079,0.0000,0.0000,0.0157,0.0000,
6198435,0,-15.7079,0.0000,0.0000,0.0157,0.0000,
6210334,0,-15.7079,0.0000,0.0000,0.0157,0.0000,
6222258,0,-15.7079,0.0000,0.0000,0.0157,0.0000,
7814,1,-15.8657,0.0005,0.0000,0.0157,0.0000,start
19857,1,-19.2726,0.0032,0.0000,0.0183,0.0000,
31777,1,-19.9038,0.0053,0.0000,0.0183,0.0000,
43779,1,-18.1272,0.0081,0.0000,0.0157,0.0000,
55828,1,-11.3777,0.0117,0.0000,0.0079,0.0000,
67777,1,-10.0221,0.0160,0.0000,0.0052,0.0000,
79757,1,-3.5881,0.0207,0.0000,-0.0026,0.0000,
91759,1,5.5165,0.0252,0.0000,-0.0131,0.0000,
103751,1,10.1213,0.0273,0.0000,-0.0183,0.0000,
115737,1,12.8971,0.0268,0.0000,-0.0209,0.0000,
127712,1,18.3434,0.0261,0.0000,-0.0262,0.0000,
139716,1,11.0154,0.0244,0.0000,-0.0183,0.0000,
151720,1,1.4376,0.0214,0.0000,-0.0079,0.0000,
163691,1,-5.5748,0.0186,0.0000,-0.0000,0.0000,
175667,1,-5.3119,0.0177,0.0000,-0.0000,0.0000,
187491,1,-8.1929,0.0186,0.0000,0.0026,0.0000,
199481,1,-11.1791,0.0198,0.0000,0.0052,0.0000,
211490,1,-6.5215,0.0217,0.0000,-0.0000,0.0000,
223542,1,-2.1271,0.0245,0.0000,-0.0052,0.0000,
235499,1,2.4251,0.0268,0.0000,-0.0105,0.0000,
247516,1,7.3457,0.0279,0.0000,-0.0157,0.0000,
259521,1,7.9242,0.0259,0.0000,-0.0157,0.0000,
271504,1,10.9628,0.0245,0.0000,-0.0183,0.0000,
283498,1,3.8977,0.0219,0.0000,-0.0105,0.0000,
295490,1,-3.1674,0.0193,0.0000,-0.0026,0.0000,
307532,1,-5.4171,0.0181,0.0000,-0.0000,0.0000,
319484,1,-8.2981,0.0189,0.0000,0.0026,0.0000,
331489,1,-11.2317,0.0200,0.0000,0.0052,0.0000,
343454,1,-6.5215,0.0217,0.0000,-0.0000,0.0000,
355486,1,0.4910,0.0245,0.0000,-0.0079,0.0000,
367388,1,5.1483,0.0265,0.0000,-0.0131,0.0000,
379381,1,10.2791,0.0268,0.0000,-0.0183,0.0000,
391388,1,10.9102,0.0247,0.0000,-0.0183,0.0000,
403401,1,11.3835,0.0231,0.0000,-0.0183,0.0000,
415364,1,4.3185,0.0205,0.0000,-0.0105,0.0000,
427370,1,-0.0760,0.0177,0.0000,-0.0052,0.0000,
439414,1,-1.8525,0.0149,0.0000,-0.0026,0.0000,
451475,1,-1.4318,0.0135,0.0000,-0.0026,0.0000,
463430,1,-6.6151,0.0133,0.0000,0.0026,0.0000,
475392,1,-7.1936,0.0153,0.0000,0.0026,0.0000,
487333,1,-2.4311,0.0168,0.0000,-0.0026,0.0000,
499180,1,2.5421,0.0177,0.0000,-0.0079,0.0000,
511119,1,2.4895,0.0179,0.0000,-0.0079,0.0000,
523130,1,2.5421,0.0177,0.0000,-0.0079,0.0000,
535085,1,2.5947,0.0175,0.0000,-0.0079,0.0000,
547031,1,5.2125,0.0175,0.0000,-0.0105,0.0000,
558831,1,2.7525,0.0170,0.0000,-0.0079,0.0000,
570722,1,5.4229,0.0168,0.0000,-0.0105,0.0000,
582704,1,8.4617,0.0154,0.0000,-0.0131,0.0000,
594748,1,6.5274,0.0131,0.0000,-0.0105,0.0000,
606724,1,4.8036,0.0102,0.0000,-0.0079,0.0000,
618769,1,3.0797,0.0072,0.0000,-0.0052,0.0000,
630710,1,1.1453,0.0049,0.0000,-0.0026,0.0000,
642715,1,-3.5647,0.0032,0.0000,0.0026,0.0000,
654696,1,-6.2879,0.0035,0.0000,0.0052,0.0000,
666698,1,-6.6561,0.0047,0.0000,0.0052,0.0000,
678696,1,-1.7355,0.0058,0.0000,-0.0000,0.0000,
690702,1,3.3952,0.0061,0.0000,-0.0052,0.0000,
702670,1,6.2237,0.0054,0.0000,-0.0079,0.0000,
714477,1,9.6304,0.0028,0.0000,-0.0105,0.0000,
726440,1,7.5911,0.0009,0.0000,-0.0079,0.0000,
738483,1,0.5260,-0.0018,0.0000,-0.0000,0.0000,
750470,1,-4.1316,-0.0037,0.0000,0.0052,0.0000,
762451,1,-1.1454,-0.0049,0.0000,0.0026,0.0000,
774462,1,-1.0928,-0.0051,0.0000,0.0026,0.0000,
786420,1,-3.7634,-0.0049,0.0000,0.0052,0.0000,
798361,1,1.5253,-0.0051,0.0000,-0.0000,0.0000,
810353,1,9.4845,-0.0054,0.0000,-0.0079,0.0000,
822368,1,7.2346,-0.0067,0.0000,-0.0052,0.0000,
834396,1,2.5246,-0.0084,0.0000,-0.0000,0.0000,
846466,1,3.1031,-0.0103,0.0000,-0.0000,0.0000,
858521,1,6.2995,-0.0123,0.0000,-0.0026,0.0000,
870465,1,1.7999,-0.0147,0.0000,0.0026,0.0000,
882406,1,-0.2923,-0.0165,0.0000,0.0052,0.0000,
894441,1,2.5888,-0.0174,0.0000,0.0026,0.0000,
906398,1,5.3646,-0.0179,0.0000,-0.0000,0.0000,
918364,1,2.7992,-0.0181,0.0000,0.0026,0.0000,
930359,1,5.5750,-0.0186,0.0000,-0.0000,0.0000,
942396,1,11.0739,-0.0195,0.0000,-0.0052,0.0000,
954450,1,8.9818,-0.0212,0.0000,-0.0026,0.0000,
966491,1,4.4822,-0.0237,0.0000,0.0026,0.0000,
978537,1,2.6004,-0.0261,0.0000,0.0052,0.0000,
990587,1,3.2841,-0.0284,0.0000,0.0052,0.0000,
1002538,1,1.2448,-0.0303,0.0000,0.0079,0.0000,
1014465,1,-1.0577,-0.0314,0.0000,0.0105,0.0000,
1026497,1,1.6130,-0.0316,0.0000,0.0079,0.0000,
1038427,1,4.2308,-0.0316,0.0000,0.0052,0.0000,
1050364,1,6.9015,-0.0317,0.0000,0.0026,0.0000,
1062365,1,7.1118,-0.0324,0.0000,0.0026,0.0000,
1074371,1,10.2033,-0.0340,0.0000,-0.0000,0.0000,
1086345,1,8.3215,-0.0365,0.0000,0.0026,0.0000,
1098351,1,4.0323,-0.0396,0.0000,0.0079,0.0000,
1110381,1,2.4661,-0.0431,0.0000,0.0105,0.0000,
1122404,1,0.6895,-0.0459,0.0000,0.0131,0.0000,
1134356,1,-1.2446,-0.0482,0.0000,0.0157,0.0000,
1146385,1,-3.4420,-0.0496,0.0000,0.0183,0.0000,
1158381,1,-3.3894,-0.0498,0.0000,0.0183,0.0000,
1170348,1,1.7940,-0.0496,0.0000,0.0131,0.0000,
1182186,1,4.4646,-0.0498,0.0000,0.0105,0.0000,
1194204,1,4.5698,-0.0501,0.0000,0.0105,0.0000,
1206204,1,4.6750,-0.0505,0.0000,0.0105,0.0000,
1218152,1,7.4508,-0.0510,0.0000,0.0079,0.0000,
1230125,1,7.8716,-0.0524,0.0000,0.0079,0.0000,
1242159,1,8.5027,-0.0545,0.0000,0.0079,0.0000,
1254199,1,4.0029,-0.0570,0.0000,0.0131,0.0000,
1266190,1,2.2791,-0.0600,0.0000,0.0157,0.0000,
1278203,1,-2.2733,-0.0622,0.0000,0.0209,0.0000,
1290083,1,-4.6282,-0.0631,0.0000,0.0236,0.0000,
1302096,1,-2.0103,-0.0631,0.0000,0.0209,0.0000,
1314049,1,0.6077,-0.0631,0.0000,0.0183,0.0000,
1326025,1,3.2784,-0.0633,0.0000,0.0157,0.0000,
1338006,1,5.9488,-0.0635,0.0000,0.0131,0.0000,
1349978,1,6.2118,-0.0643,0.0000,0.0131,0.0000,
1361754,1,6.6852,-0.0659,0.0000,0.0131,0.0000,
1373734,1,4.7510,-0.0682,0.0000,0.0157,0.0000,
1385766,1,2.8693,-0.0707,0.0000,0.0183,0.0000,
1397803,1,0.8297,-0.0726,0.0000,0.0209,0.0000,
1409731,1,-1.3148,-0.0742,0.0000,0.0236,0.0000,
1421803,1,-1.2622,-0.0743,0.0000,0.0236,0.0000,
1433790,1,1.3557,-0.0743,0.0000,0.0209,0.0000,
1445710,1,3.9737,-0.0743,0.0000,0.0183,0.0000,
1457673,1,1.4083,-0.0745,0.0000,0.0209,0.0000,
1469606,1,1.4083,-0.0745,0.0000,0.0209,0.0000,
1481502,1,4.0263,-0.0745,0.0000,0.0183,0.0000,
1493495,1,4.0263,-0.0745,0.0000,0.0183,0.0000,
1505435,1,4.0263,-0.0745,0.0000,0.0183,0.0000,
1517441,1,6.7496,-0.0749,0.0000,0.0157,0.0000,
1529380,1,9.6830,-0.0759,0.0000,0.0131,0.0000,
1541340,1,7.6437,-0.0778,0.0000,0.0157,0.0000,
1553369,1,0.4734,-0.0801,0.0000,0.0236,0.0000,
1565358,1,-1.6187,-0.0819,0.0000,0.0262,0.0000,
1577385,1,-1.3557,-0.0827,0.0000,0.0262,0.0000,
1589386,1,-1.3557,-0.0827,0.0000,0.0262,0.0000,
1601375,1,1.2623,-0.0827,0.0000,0.0236,0.0000,
1613403,1,1.2623,-0.0827,0.0000,0.0236,0.0000,
1625327,1,1.2623,-0.0827,0.0000,0.0236,0.0000,
1637186,1,1.2623,-0.0827,0.0000,0.0236,0.0000,
1649184,1,1.2623,-0.0827,0.0000,0.0236,0.0000,
1661178,1,1.2623,-0.0827,0.0000,0.0236,0.0000,
1673132,1,1.2623,-0.0827,0.0000,0.0236,0.0000,
1685058,1,1.2623,-0.0827,0.0000,0.0236,0.0000,
1697000,1,1.2623,-0.0827,0.0000,0.0236,0.0000,
1708988,1,1.2623,-0.0827,0.0000,0.0236,0.0000,
1720745,1,1.2623,-0.0827,0.0000,0.0236,0.0000,
1732713,1,1.2623,-0.0827,0.0000,0.0236,0.0000,
1744641,1,1.2623,-0.0827,0.0000,0.0236,0.0000,
1756497,1,1.2623,-0.0827,0.0000,0.0236,0.0000,
1768448,1,1.2623,-0.0827,0.0000,0.0236,0.0000,
1780385,1,1.2623,-0.0827,0.0000,0.0236,0.0000,
1792301,1,1.2623,-0.0827,0.0000,0.0236,0.0000,
1804166,1,1.2623,-0.0827,0.0000,0.0236,0.0000,
1816102,1,1.2623,-0.0827,0.0000,0.0236,0.0000,
1828015,1,-1.3557,-0.0827,0.0000,0.0262,0.0000,
1840007,1,-1.3557,-0.0827,0.0000,0.0262,0.0000,
1851967,1,-1.3557,-0.0827,0.0000,0.0262,0.0000,
1863836,1,-1.3557,-0.0827,0.0000,0.0262,0.0000,
1875725,1,-1.3557,-0.0827,0.0000,0.0262,0.0000,
1887696,1,-3.9738,-0.0827,0.0000,0.0288,0.0000,
1899707,1,-4.0264,-0.0826,0.0000,0.0288,0.0000,
1911742,1,-4.0790,-0.0824,0.0000,0.0288,0.0000,
1923697,1,-6.8020,-0.0820,0.0000,0.0314,0.0000,
1935720,1,-7.3280,-0.0803,0.0000,0.0314,0.0000,
1947777,1,-8.1169,-0.0777,0.0000,0.0314,0.0000,
1959747,1,-6.3405,-0.0749,0.0000,0.0288,0.0000,
1971820,1,-2.1037,-0.0715,0.0000,0.0236,0.0000,
1983819,1,2.1856,-0.0684,0.0000,0.0183,0.0000,
1995756,1,6.8429,-0.0664,0.0000,0.0131,0.0000,
2007719,1,7.1059,-0.0673,0.0000,0.0131,0.0000,
2019695,1,7.4215,-0.0684,0.0000,0.0131,0.0000,
2031692,1,0.1460,-0.0703,0.0000,0.0209,0.0000,
2043711,1,-7.3398,-0.0715,0.0000,0.0288,0.0000,
2055723,1,-10.2732,-0.0705,0.0000,0.0314,0.0000,
2067623,1,-11.0095,-0.0680,0.0000,0.0314,0.0000,
2079512,1,-11.6932,-0.0657,0.0000,0.0314,0.0000,
2091558,1,-7.4040,-0.0626,0.0000,0.0262,0.0000,
2103548,1,-3.3252,-0.0587,0.0000,0.0209,0.0000,
2115502,1,3.4769,-0.0552,0.0000,0.0131,0.0000,
2127538,1,5.4639,-0.0531,0.0000,0.0105,0.0000,
2139490,1,5.3587,-0.0528,0.0000,0.0105,0.0000,
2151453,1,5.5165,-0.0533,0.0000,0.0105,0.0000,
2163438,1,3.0036,-0.0536,0.0000,0.0131,0.0000,
2175385,1,-2.2323,-0.0536,0.0000,0.0183,0.0000,
2187356,1,-4.8504,-0.0536,0.0000,0.0209,0.0000,
2199402,1,-2.3901,-0.0531,0.0000,0.0183,0.0000,
2211323,1,-5.1133,-0.0528,0.0000,0.0209,0.0000,
2223310,1,-7.9416,-0.0521,0.0000,0.0236,0.0000,
2235301,1,-8.6253,-0.0498,0.0000,0.0236,0.0000,
2247326,1,-7.1645,-0.0459,0.0000,0.0209,0.0000,
2259356,1,-13.3471,-0.0428,0.0000,0.0262,0.0000,
2271466,1,-9.2157,-0.0391,0.0000,0.0209,0.0000,
2283506,1,-0.1110,-0.0345,0.0000,0.0105,0.0000,
2295552,1,4.0204,-0.0309,0.0000,0.0052,0.0000,
2307528,1,6.2177,-0.0295,0.0000,0.0026,0.0000,
2319475,1,6.2177,-0.0295,0.0000,0.0026,0.0000,
2331408,1,6.2703,-0.0296,0.0000,0.0026,0.0000,
2343408,1,-1.3733,-0.0303,0.0000,0.0105,0.0000,
2355378,1,-9.3324,-0.0300,0.0000,0.0183,0.0000,
2367453,1,-12.5290,-0.0280,0.0000,0.0209,0.0000,
2379489,1,-13.0550,-0.0263,0.0000,0.0209,0.0000,
2391491,1,-8.5551,-0.0238,0.0000,0.0157,0.0000,
2403472,1,-6.9892,-0.0203,0.0000,0.0131,0.0000,
2415469,1,-5.6334,-0.0161,0.0000,0.0105,0.0000,
2427486,1,-1.5545,-0.0123,0.0000,0.0052,0.0000,
2439548,1,2.6824,-0.0089,0.0000,-0.0000,0.0000,
2451611,1,1.9986,-0.0067,0.0000,-0.0000,0.0000,
2463486,1,6.8664,-0.0054,0.0000,-0.0052,0.0000,
2475442,1,6.9716,-0.0058,0.0000,-0.0052,0.0000,
2487427,1,1.8935,-0.0063,0.0000,-0.0000,0.0000,
2499398,1,-5.9079,-0.0065,0.0000,0.0079,0.0000,
2511430,1,-6.2761,-0.0053,0.0000,0.0079,0.0000,
2523492,1,-9.6831,-0.0026,0.0000,0.0105,0.0000,
2535519,1,-10.5246,0.0002,0.0000,0.0105,0.0000,
2547474,1,-6.3405,0.0037,0.0000,0.0052,0.0000,
2559537,1,-2.3666,0.0079,0.0000,-0.0000,0.0000,
2571639,1,4.3829,0.0116,0.0000,-0.0079,0.0000,
2583544,1,3.6466,0.0140,0.0000,-0.0079,0.0000,
2595488,1,6.1066,0.0146,0.0000,-0.0105,0.0000,
2607439,1,6.2644,0.0140,0.0000,-0.0105,0.0000,
2619391,1,3.8570,0.0133,0.0000,-0.0079,0.0000,
2631351,1,-3.9444,0.0131,0.0000,-0.0000,0.0000,
2643347,1,-9.2858,0.0135,0.0000,0.0052,0.0000,
2655351,1,-7.4040,0.0160,0.0000,0.0026,0.0000,
2667387,1,-8.5085,0.0196,0.0000,0.0026,0.0000,
2679417,1,-9.4552,0.0228,0.0000,0.0026,0.0000,
2691466,1,-2.7582,0.0266,0.0000,-0.0052,0.0000,
2703530,1,1.3206,0.0305,0.0000,-0.0105,0.0000,
2715528,1,5.6627,0.0335,0.0000,-0.0157,0.0000,
2727513,1,5.5575,0.0338,0.0000,-0.0157,0.0000,
2739474,1,5.6101,0.0337,0.0000,-0.0157,0.0000,
2751403,1,3.1498,0.0331,0.0000,-0.0131,0.0000,
2763354,1,0.5843,0.0330,0.0000,-0.0105,0.0000,
2775356,1,-4.6516,0.0330,0.0000,-0.0052,0.0000,
2787342,1,-4.7042,0.0331,0.0000,-0.0052,0.0000,
2799311,1,-2.1387,0.0333,0.0000,-0.0079,0.0000,
2811144,1,-4.8094,0.0335,0.0000,-0.0052,0.0000,
2823148,1,-7.4275,0.0335,0.0000,-0.0026,0.0000,
2835157,1,-7.8482,0.0349,0.0000,-0.0026,0.0000,
2847230,1,-8.6897,0.0377,0.0000,-0.0026,0.0000,
2859174,1,-12.0439,0.0401,0.0000,-0.0000,0.0000,
2871220,1,-7.7020,0.0431,0.0000,-0.0052,0.0000,
2883174,1,-3.4654,0.0465,0.0000,-0.0105,0.0000,
2895215,1,3.5471,0.0493,0.0000,-0.0183,0.0000,
2907181,1,3.1789,0.0505,0.0000,-0.0183,0.0000,
2919180,1,3.1263,0.0507,0.0000,-0.0183,0.0000,
2931154,1,3.1263,0.0507,0.0000,-0.0183,0.0000,
2943134,1,0.5611,0.0505,0.0000,-0.0157,0.0000,
2955077,1,-4.7277,0.0507,0.0000,-0.0105,0.0000,
2967075,1,-2.1622,0.0508,0.0000,-0.0131,0.0000,
2979039,1,0.4559,0.0508,0.0000,-0.0157,0.0000,
2991011,1,-2.1622,0.0508,0.0000,-0.0131,0.0000,
3003018,1,-4.8328,0.0510,0.0000,-0.0105,0.0000,
3015052,1,-4.8328,0.0510,0.0000,-0.0105,0.0000,
3027071,1,-2.2674,0.0512,0.0000,-0.0131,0.0000,
3039086,1,-4.9380,0.0514,0.0000,-0.0105,0.0000,
3051059,1,-4.9906,0.0515,0.0000,-0.0105,0.0000,
3063070,1,-5.1484,0.0521,0.0000,-0.0105,0.0000,
3075109,1,-5.3588,0.0528,0.0000,-0.0105,0.0000,
3087147,1,-3.0563,0.0538,0.0000,-0.0131,0.0000,
3099152,1,-3.3192,0.0547,0.0000,-0.0131,0.0000,
3111118,1,-0.9641,0.0556,0.0000,-0.0157,0.0000,
3123110,1,-1.0693,0.0559,0.0000,-0.0157,0.0000,
3135147,1,-3.6874,0.0559,0.0000,-0.0131,0.0000,
3147167,1,-3.7400,0.0561,0.0000,-0.0131,0.0000,
3159128,1,-3.7400,0.0561,0.0000,-0.0131,0.0000,
3171075,1,-1.1219,0.0561,0.0000,-0.0157,0.0000,
3183075,1,-3.7926,0.0563,0.0000,-0.0131,0.0000,
3195030,1,-3.7926,0.0563,0.0000,-0.0131,0.0000,
3207010,1,-1.1745,0.0563,0.0000,-0.0157,0.0000,
3219060,1,-1.1745,0.0563,0.0000,-0.0157,0.0000,
3231079,1,-3.7926,0.0563,0.0000,-0.0131,0.0000,
3243106,1,-1.2271,0.0565,0.0000,-0.0157,0.0000,
3255037,1,-1.2271,0.0565,0.0000,-0.0157,0.0000,
3267054,1,-1.2271,0.0565,0.0000,-0.0157,0.0000,
3279054,1,-1.2271,0.0565,0.0000,-0.0157,0.0000,
3291069,1,1.4433,0.0563,0.0000,-0.0183,0.0000,
3303035,1,1.4433,0.0563,0.0000,-0.0183,0.0000,
3315003,1,1.4433,0.0563,0.0000,-0.0183,0.0000,
3326756,1,1.4433,0.0563,0.0000,-0.0183,0.0000,
3338661,1,1.4433,0.0563,0.0000,-0.0183,0.0000,
3350474,1,1.4433,0.0563,0.0000,-0.0183,0.0000,
3362433,1,1.4433,0.0563,0.0000,-0.0183,0.0000,
3374403,1,4.1140,0.0561,0.0000,-0.0209,0.0000,
3386339,1,4.1140,0.0561,0.0000,-0.0209,0.0000,
3398210,1,4.1140,0.0561,0.0000,-0.0209,0.0000,
3410185,1,6.7844,0.0559,0.0000,-0.0236,0.0000,
3422168,1,7.1000,0.0549,0.0000,-0.0236,0.0000,
3434194,1,10.3492,0.0528,0.0000,-0.0262,0.0000,
3446139,1,8.4674,0.0503,0.0000,-0.0236,0.0000,
3458178,1,4.1782,0.0472,0.0000,-0.0183,0.0000,
3470199,1,-0.2162,0.0444,0.0000,-0.0131,0.0000,
3482151,1,-2.2032,0.0423,0.0000,-0.0105,0.0000,
3494159,1,-1.8876,0.0412,0.0000,-0.0105,0.0000,
3506123,1,-1.9402,0.0414,0.0000,-0.0105,0.0000,
3518109,1,-1.9402,0.0414,0.0000,-0.0105,0.0000,
3530121,1,3.2960,0.0414,0.0000,-0.0157,0.0000,
3542073,1,3.3486,0.0412,0.0000,-0.0157,0.0000,
3554052,1,6.0716,0.0408,0.0000,-0.0183,0.0000,
3566052,1,9.1104,0.0394,0.0000,-0.0209,0.0000,
3578025,1,9.7941,0.0372,0.0000,-0.0209,0.0000,
3590018,1,7.9649,0.0345,0.0000,-0.0183,0.0000,
3602008,1,6.4516,0.0309,0.0000,-0.0157,0.0000,
3614041,1,2.4777,0.0266,0.0000,-0.0105,0.0000,
3626077,1,1.0169,0.0228,0.0000,-0.0079,0.0000,
3638045,1,-3.1674,0.0193,0.0000,-0.0026,0.0000,
3650118,1,-7.9825,0.0179,0.0000,0.0026,0.0000,
3662056,1,-8.2981,0.0189,0.0000,0.0026,0.0000,
3674045,1,-5.8904,0.0196,0.0000,-0.0000,0.0000,
3686031,1,4.2659,0.0207,0.0000,-0.0105,0.0000,
3697986,1,12.1724,0.0205,0.0000,-0.0183,0.0000,
3709790,1,12.8562,0.0182,0.0000,-0.0183,0.0000,
3721824,1,13.3821,0.0165,0.0000,-0.0183,0.0000,
3733730,1,11.6058,0.0137,0.0000,-0.0157,0.0000,
3745798,1,10.1973,0.0096,0.0000,-0.0131,0.0000,
3757869,1,8.9467,0.0051,0.0000,-0.0105,0.0000,
3769833,1,5.1308,0.0004,0.0000,-0.0052,0.0000,
3781774,1,1.3149,-0.0044,0.0000,-0.0000,0.0000,
3793820,1,-2.7116,-0.0084,0.0000,0.0052,0.0000,
3806009,1,-4.4879,-0.0112,0.0000,0.0079,0.0000,
3818076,1,-6.9482,-0.0117,0.0000,0.0105,0.0000,
3830036,1,-7.2638,-0.0107,0.0000,0.0105,0.0000,
3842055,1,-2.3434,-0.0096,0.0000,0.0052,0.0000,
3854114,1,7.9709,-0.0091,0.0000,-0.0052,0.0000,
3866166,1,13.6801,-0.0107,0.0000,-0.0105,0.0000,
3878187,1,16.6138,-0.0117,0.0000,-0.0131,0.0000,
3890168,1,12.0090,-0.0138,0.0000,-0.0079,0.0000,
3902220,1,10.3902,-0.0172,0.0000,-0.0052,0.0000,
3914219,1,14.1653,-0.0210,0.0000,-0.0079,0.0000,
3926186,1,10.1914,-0.0252,0.0000,-0.0026,0.0000,
3938245,1,6.4281,-0.0302,0.0000,0.0026,0.0000,
3950222,1,5.3353,-0.0352,0.0000,0.0052,0.0000,
3962355,1,1.6246,-0.0403,0.0000,0.0105,0.0000,
3974439,1,-2.2965,-0.0447,0.0000,0.0157,0.0000,
3986516,1,-6.6386,-0.0477,0.0000,0.0209,0.0000,
3998467,1,-9.3616,-0.0473,0.0000,0.0236,0.0000,
4010525,1,-7.0067,-0.0465,0.0000,0.0209,0.0000,
4022510,1,0.4265,-0.0451,0.0000,0.0131,0.0000,
4034474,1,8.1753,-0.0447,0.0000,0.0052,0.0000,
4046435,1,13.7270,-0.0458,0.0000,-0.0000,0.0000,
4058491,1,19.7518,-0.0484,0.0000,-0.0052,0.0000,
4070506,1,17.7649,-0.0505,0.0000,-0.0026,0.0000,
4082538,1,10.9102,-0.0538,0.0000,0.0052,0.0000,
4094502,1,9.4494,-0.0577,0.0000,0.0079,0.0000,
4106474,1,10.8168,-0.0622,0.0000,0.0079,0.0000,
4118539,1,7.0533,-0.0671,0.0000,0.0131,0.0000,
4130511,1,3.3426,-0.0722,0.0000,0.0183,0.0000,
4142472,1,-3.1439,-0.0768,0.0000,0.0262,0.0000,
4154427,1,-4.8153,-0.0799,0.0000,0.0288,0.0000,
4166491,1,-7.0650,-0.0812,0.0000,0.0314,0.0000,
4178438,1,-9.7883,-0.0808,0.0000,0.0340,0.0000,
4190369,1,-4.6575,-0.0805,0.0000,0.0288,0.0000,
4202366,1,5.6041,-0.0798,0.0000,0.0183,0.0000,
4214357,1,11.1556,-0.0808,0.0000,0.0131,0.0000,
4226344,1,11.4712,-0.0819,0.0000,0.0131,0.0000,
4238324,1,9.3793,-0.0836,0.0000,0.0157,0.0000,
4250342,1,10.2734,-0.0866,0.0000,0.0157,0.0000,
4262345,1,8.7072,-0.0901,0.0000,0.0183,0.0000,
4274360,1,4.6809,-0.0941,0.0000,0.0236,0.0000,
4286414,1,3.2199,-0.0980,0.0000,0.0262,0.0000,
4298460,1,-1.0167,-0.1013,0.0000,0.0314,0.0000,
4310509,1,-2.8985,-0.1038,0.0000,0.0340,0.0000,
4322495,1,-2.5303,-0.1050,0.0000,0.0340,0.0000,
4334447,1,-2.5829,-0.1048,0.0000,0.0340,0.0000,
4346429,1,-2.5829,-0.1048,0.0000,0.0340,0.0000,
4358413,1,2.6530,-0.1048,0.0000,0.0288,0.0000,
4370377,1,2.7056,-0.1050,0.0000,0.0288,0.0000,
4382366,1,5.3762,-0.1052,0.0000,0.0262,0.0000,
4394343,1,8.2047,-0.1059,0.0000,0.0236,0.0000,
4406302,1,8.8358,-0.1080,0.0000,0.0236,0.0000,
4418300,1,9.5721,-0.1104,0.0000,0.0236,0.0000,
4430331,1,7.8481,-0.1134,0.0000,0.0262,0.0000,
4442383,1,3.6641,-0.1169,0.0000,0.0314,0.0000,
4454434,1,2.0979,-0.1204,0.0000,0.0340,0.0000,
4466470,1,-2.2965,-0.1232,0.0000,0.0393,0.0000,
4478450,1,-7.0593,-0.1248,0.0000,0.0445,0.0000,
4490403,1,-7.3223,-0.1239,0.0000,0.0445,0.0000,
4502338,1,-8.0586,-0.1215,0.0000,0.0445,0.0000,
4514367,1,-3.4536,-0.1194,0.0000,0.0393,0.0000,
4526401,1,3.8745,-0.1176,0.0000,0.0314,0.0000,
4538400,1,11.7285,-0.1176,0.0000,0.0236,0.0000,
4550405,1,12.3596,-0.1197,0.0000,0.0236,0.0000,
4562362,1,10.1623,-0.1211,0.0000,0.0262,0.0000,
4574286,1,5.7153,-0.1238,0.0000,0.0314,0.0000,
4586161,1,4.0965,-0.1271,0.0000,0.0340,0.0000,
4598210,1,-0.1928,-0.1303,0.0000,0.0393,0.0000,
4610152,1,-4.7978,-0.1324,0.0000,0.0445,0.0000,
4622145,1,-7.5208,-0.1320,0.0000,0.0471,0.0000,
4634181,1,-8.2571,-0.1296,0.0000,0.0471,0.0000,
4646062,1,-6.1652,-0.1278,0.0000,0.0445,0.0000,
4658156,1,1.0050,-0.1255,0.0000,0.0367,0.0000,
4670172,1,8.3857,-0.1239,0.0000,0.0288,0.0000,
4682143,1,8.7538,-0.1252,0.0000,0.0288,0.0000,
4694204,1,6.6093,-0.1268,0.0000,0.0314,0.0000,
4706064,1,2.0569,-0.1290,0.0000,0.0367,0.0000,
4718089,1,0.0176,-0.1310,0.0000,0.0393,0.0000,
4730153,1,-7.5208,-0.1320,0.0000,0.0471,0.0000,
4742158,1,-7.9942,-0.1304,0.0000,0.0471,0.0000,
4754144,1,-8.6779,-0.1282,0.0000,0.0471,0.0000,
4766188,1,-4.2309,-0.1255,0.0000,0.0419,0.0000,
4778141,1,2.9394,-0.1232,0.0000,0.0340,0.0000,
4790198,1,5.0841,-0.1217,0.0000,0.0314,0.0000,
4802165,1,7.8072,-0.1220,0.0000,0.0288,0.0000,
4814171,1,5.4523,-0.1229,0.0000,0.0314,0.0000,
4826136,1,0.3739,-0.1234,0.0000,0.0367,0.0000,
4838123,1,-2.2439,-0.1234,0.0000,0.0393,0.0000,
4850114,1,-2.2439,-0.1234,0.0000,0.0393,0.0000,
4862044,1,-2.2439,-0.1234,0.0000,0.0393,0.0000,
4874012,1,-4.8620,-0.1234,0.0000,0.0419,0.0000,
4885978,1,-4.9146,-0.1232,0.0000,0.0419,0.0000,
4897955,1,-5.0198,-0.1229,0.0000,0.0419,0.0000,
4909978,1,-5.1776,-0.1224,0.0000,0.0419,0.0000,
4921972,1,-8.1112,-0.1213,0.0000,0.0445,0.0000,
4934008,1,-6.0716,-0.1194,0.0000,0.0419,0.0000,
4946106,1,-7.0709,-0.1161,0.0000,0.0419,0.0000,
4958203,1,-10.9513,-0.1118,0.0000,0.0445,0.0000,
4970200,1,-9.5428,-0.1078,0.0000,0.0419,0.0000,
4982136,1,-5.6744,-0.1033,0.0000,0.0367,0.0000,
4994181,1,0.9174,-0.0991,0.0000,0.0288,0.0000,
5006184,1,5.2594,-0.0961,0.0000,0.0236,0.0000,
5018158,1,5.1543,-0.0957,0.0000,0.0236,0.0000,
5030144,1,7.7721,-0.0957,0.0000,0.0209,0.0000,
5042044,1,2.7466,-0.0964,0.0000,0.0262,0.0000,
5053985,1,-2.4368,-0.0966,0.0000,0.0314,0.0000,
5066016,1,-5.1074,-0.0964,0.0000,0.0340,0.0000,
5077987,1,-7.8833,-0.0959,0.0000,0.0367,0.0000,
5089979,1,-11.0797,-0.0940,0.0000,0.0393,0.0000,
5102018,1,-11.7634,-0.0917,0.0000,0.0393,0.0000,
5114047,1,-10.0922,-0.0885,0.0000,0.0367,0.0000,
5126134,1,-11.2493,-0.0847,0.0000,0.0367,0.0000,
5138202,1,-9.9460,-0.0803,0.0000,0.0340,0.0000,
5150218,1,-6.1828,-0.0754,0.0000,0.0288,0.0000,
5162200,1,-2.4718,-0.0703,0.0000,0.0236,0.0000,
5174215,1,1.3967,-0.0657,0.0000,0.0183,0.0000,
5186188,1,5.5807,-0.0622,0.0000,0.0131,0.0000,
5198193,1,5.2125,-0.0610,0.0000,0.0131,0.0000,
5210123,1,5.2651,-0.0612,0.0000,0.0131,0.0000,
5222080,1,2.6999,-0.0614,0.0000,0.0157,0.0000,
5234053,1,-5.2067,-0.0612,0.0000,0.0236,0.0000,
5246073,1,-13.3762,-0.0601,0.0000,0.0314,0.0000,
5258044,1,-14.2703,-0.0572,0.0000,0.0314,0.0000,
5270134,1,-15.1644,-0.0542,0.0000,0.0314,0.0000,
5282231,1,-13.5985,-0.0507,0.0000,0.0288,0.0000,
5294361,1,-12.2952,-0.0463,0.0000,0.0262,0.0000,
5306443,1,-13.8204,-0.0412,0.0000,0.0262,0.0000,
5318474,1,-10.2675,-0.0356,0.0000,0.0209,0.0000,
5330496,1,-1.5836,-0.0296,0.0000,0.0105,0.0000,
5342654,1,2.0745,-0.0244,0.0000,0.0052,0.0000,
5354667,1,3.5355,-0.0205,0.0000,0.0026,0.0000,
5366441,1,8.1928,-0.0186,0.0000,-0.0026,0.0000,
5378454,1,8.1928,-0.0186,0.0000,-0.0026,0.0000,
5390422,1,0.4441,-0.0189,0.0000,0.0052,0.0000,
5402385,1,-12.6458,-0.0189,0.0000,0.0183,0.0000,
5414411,1,-18.3551,-0.0174,0.0000,0.0236,0.0000,
5426354,1,-21.4465,-0.0158,0.0000,0.0262,0.0000,
5438410,1,-16.9469,-0.0133,0.0000,0.0209,0.0000,
5450477,1,-18.0514,-0.0096,0.0000,0.0209,0.0000,
5462515,1,-19.3136,-0.0054,0.0000,0.0209,0.0000,
5474497,1,-18.1682,-0.0005,0.0000,0.0183,0.0000,
5486501,1,-14.5627,0.0049,0.0000,0.0131,0.0000,
5498549,1,-11.0621,0.0107,0.0000,0.0079,0.0000,
5510526,1,-7.7196,0.0170,0.0000,0.0026,0.0000,
5522556,1,-1.8641,0.0237,0.0000,-0.0052,0.0000,
5534551,1,1.4784,0.0300,0.0000,-0.0105,0.0000,
5546506,1,5.2945,0.0347,0.0000,-0.0157,0.0000,
5558531,1,10.3201,0.0354,0.0000,-0.0209,0.0000,
5570481,1,15.5560,0.0354,0.0000,-0.0262,0.0000,
5582497,1,-2.5069,0.0345,0.0000,-0.0079,0.0000,
5594493,1,-15.7022,0.0349,0.0000,0.0052,0.0000,
5606506,1,-16.2281,0.0366,0.0000,0.0052,0.0000,
5618474,1,-16.5437,0.0377,0.0000,0.0052,0.0000,
5630426,1,-19.7401,0.0396,0.0000,0.0079,0.0000,
5642421,1,-18.0163,0.0426,0.0000,0.0052,0.0000,
5654508,1,-16.4501,0.0461,0.0000,0.0026,0.0000,
5666507,1,-14.9891,0.0500,0.0000,-0.0000,0.0000,
5678478,1,-16.3565,0.0545,0.0000,-0.0000,0.0000,
5690548,1,-12.6458,0.0596,0.0000,-0.0052,0.0000,
5702567,1,-9.0403,0.0650,0.0000,-0.0105,0.0000,
5714567,1,-5.6450,0.0712,0.0000,-0.0157,0.0000,
5726565,1,-4.8679,0.0773,0.0000,-0.0183,0.0000,
5738518,1,3.8686,0.0831,0.0000,-0.0288,0.0000,
5750482,1,7.9474,0.0870,0.0000,-0.0340,0.0000,
5762489,1,7.6319,0.0880,0.0000,-0.0340,0.0000,
5774527,1,10.2499,0.0880,0.0000,-0.0367,0.0000,
5786492,1,2.7115,0.0870,0.0000,-0.0288,0.0000,
5798422,1,-10.1154,0.0861,0.0000,-0.0157,0.0000,
5810461,1,-15.7723,0.0875,0.0000,-0.0105,0.0000,
5822489,1,-16.1931,0.0889,0.0000,-0.0105,0.0000,
5834455,1,-14.2061,0.0910,0.0000,-0.0131,0.0000,
5846435,1,-12.4821,0.0940,0.0000,-0.0157,0.0000,
5858486,1,-11.0214,0.0978,0.0000,-0.0183,0.0000,
5870520,1,-7.1003,0.1022,0.0000,-0.0236,0.0000,
5882636,1,-3.4419,0.1075,0.0000,-0.0288,0.0000,
5894658,1,0.3739,0.1122,0.0000,-0.0340,0.0000,
5906533,1,4.5054,0.1159,0.0000,-0.0393,0.0000,
5918441,1,6.7553,0.1171,0.0000,-0.0419,0.0000,
5930413,1,9.3734,0.1171,0.0000,-0.0445,0.0000,
5942387,1,4.4528,0.1161,0.0000,-0.0393,0.0000,
5954390,1,-5.7561,0.1152,0.0000,-0.0288,0.0000,
5966430,1,-13.8730,0.1161,0.0000,-0.0209,0.0000,
5978477,1,-16.6489,0.1166,0.0000,-0.0183,0.0000,
5990436,1,-11.7811,0.1178,0.0000,-0.0236,0.0000,
6002422,1,-9.8468,0.1201,0.0000,-0.0262,0.0000,
6014516,1,-10.7409,0.1231,0.0000,-0.0262,0.0000,
6026482,1,-6.5568,0.1266,0.0000,-0.0314,0.0000,
6038517,1,0.0875,0.1306,0.0000,-0.0393,0.0000,
6050531,1,4.3770,0.1338,0.0000,-0.0445,0.0000,
6062440,1,6.7318,0.1346,0.0000,-0.0471,0.0000,
6074441,1,12.0206,0.1345,0.0000,-0.0524,0.0000,
6086410,1,9.6129,0.1338,0.0000,-0.0497,0.0000,
6098432,1,4.9029,0.1320,0.0000,-0.0445,0.0000,
6110474,1,0.2453,0.1301,0.0000,-0.0393,0.0000,
6122423,1,-4.6751,0.1290,0.0000,-0.0340,0.0000,
6134443,1,-7.5561,0.1299,0.0000,-0.0314,0.0000,
6146488,1,-10.6999,0.1317,0.0000,-0.0288,0.0000,
6158480,1,-6.0425,0.1336,0.0000,-0.0340,0.0000,
6170451,1,1.0752,0.1360,0.0000,-0.0419,0.0000,
6182445,1,5.7852,0.1378,0.0000,-0.0471,0.0000,
6194405,1,8.6136,0.1371,0.0000,-0.0497,0.0000,
6206381,1,8.8240,0.1364,0.0000,-0.0497,0.0000,
6218358,1,4.1140,0.1346,0.0000,-0.0445,0.0000,
6230384,1,4.7977,0.1324,0.0000,-0.0445,0.0000,
6242397,1,2.7582,0.1304,0.0000,-0.0419,0.0000,
6254387,1,0.6135,0.1289,0.0000,-0.0393,0.0000,
6266366,1,-1.7414,0.1280,0.0000,-0.0367,0.0000,
6278386,1,0.9290,0.1278,0.0000,-0.0393,0.0000,
6290333,1,3.5471,0.1278,0.0000,-0.0419,0.0000,
6302119,1,3.5471,0.1278,0.0000,-0.0419,0.0000,
6314076,1,6.2178,0.1276,0.0000,-0.0445,0.0000,
6326057,1,9.1512,0.1266,0.0000,-0.0471,0.0000,
6338047,1,9.6771,0.1248,0.0000,-0.0471,0.0000,
6350105,1,5.2301,0.1222,0.0000,-0.0419,0.0000,
6362133,1,6.1768,0.1190,0.0000,-0.0419,0.0000,
6374203,1,4.5054,0.1159,0.0000,-0.0393,0.0000,
6386171,1,0.1636,0.1129,0.0000,-0.0340,0.0000,
6398141,1,0.7421,0.1110,0.0000,-0.0340,0.0000,
6410103,1,1.1628,0.1096,0.0000,-0.0340,0.0000,
6422058,1,1.3206,0.1090,0.0000,-0.0340,0.0000,
6434013,1,3.9387,0.1090,0.0000,-0.0367,0.0000,
6445759,1,9.2798,0.1087,0.0000,-0.0419,0.0000,
6457701,1,12.1608,0.1078,0.0000,-0.0445,0.0000,
6469722,1,12.7394,0.1059,0.0000,-0.0445,0.0000,
6481707,1,10.9628,0.1031,0.0000,-0.0419,0.0000,
6493747,1,12.1198,0.0992,0.0000,-0.0419,0.0000,
6505772,1,10.8166,0.0948,0.0000,-0.0393,0.0000,
6517836,1,9.7240,0.0898,0.0000,-0.0367,0.0000,
6529793,1,6.1182,0.0843,0.0000,-0.0314,0.0000,
6541938,1,5.2886,0.0784,0.0000,-0.0288,0.0000,
6553980,1,1.6829,0.0729,0.0000,-0.0236,0.0000,
6566080,1,-2.1856,0.0684,0.0000,-0.0183,0.0000,
6578188,1,-3.8042,0.0650,0.0000,-0.0157,0.0000,
6590221,1,-3.2782,0.0633,0.0000,-0.0157,0.0000,
6602175,1,-3.2256,0.0631,0.0000,-0.0157,0.0000,
6614222,1,-0.5552,0.0629,0.0000,-0.0183,0.0000,
6626166,1,7.3514,0.0628,0.0000,-0.0262,0.0000,
6638122,1,13.0080,0.0614,0.0000,-0.0314,0.0000,
6650112,1,16.2046,0.0594,0.0000,-0.0340,0.0000,
6662113,1,16.9935,0.0568,0.0000,-0.0340,0.0000,
6674110,1,17.9928,0.0535,0.0000,-0.0340,0.0000,
6686163,1,19.2550,0.0493,0.0000,-0.0340,0.0000,
6698196,1,18.0570,0.0445,0.0000,-0.0314,0.0000,
6710186,1,16.9644,0.0394,0.0000,-0.0288,0.0000,
6722294,1,16.0293,0.0338,0.0000,-0.0262,0.0000,
6734392,1,15.2520,0.0277,0.0000,-0.0236,0.0000,
6746524,1,11.9621,0.0212,0.0000,-0.0183,0.0000,
6758515,1,11.3428,0.0146,0.0000,-0.0157,0.0000,
6770672,1,8.2630,0.0074,0.0000,-0.0105,0.0000,
6782825,1,5.2360,0.0000,0.0000,-0.0052,0.0000,
6794824,1,1.9986,-0.0067,0.0000,-0.0000,0.0000,
6806815,1,-1.4493,-0.0126,0.0000,0.0052,0.0000,
6818834,1,-2.7523,-0.0170,0.0000,0.0079,0.0000,
6830787,1,-4.6867,-0.0193,0.0000,0.0105,0.0000,
6842779,1,-4.5815,-0.0196,0.0000,0.0105,0.0000,
6854782,1,0.7070,-0.0198,0.0000,0.0052,0.0000,
6870680,1,16.6780,-0.0207,0.0000,-0.0105,0.0000,
6882701,1,22.4926,-0.0226,0.0000,-0.0157,0.0000,
6894757,1,25.6364,-0.0244,0.0000,-0.0183,0.0000,
6906852,1,23.8601,-0.0272,0.0000,-0.0157,0.0000,
6918819,1,24.9645,-0.0309,0.0000,-0.0157,0.0000,
6930841,1,28.8446,-0.0351,0.0000,-0.0183,0.0000,
6942854,1,27.6994,-0.0400,0.0000,-0.0157,0.0000,
6954930,1,26.7117,-0.0454,0.0000,-0.0131,0.0000,
6967031,1,28.4999,-0.0514,0.0000,-0.0131,0.0000,
6979147,1,27.7226,-0.0575,0.0000,-0.0105,0.0000,
6991303,1,27.1033,-0.0642,0.0000,-0.0079,0.0000,
7003464,1,23.8132,-0.0707,0.0000,-0.0026,0.0000,
7015666,1,23.2465,-0.0775,0.0000,-0.0000,0.0000,
7027828,1,20.0615,-0.0843,0.0000,0.0052,0.0000,
7039975,1,19.5474,-0.0913,0.0000,0.0079,0.0000,
7052081,1,16.4676,-0.0985,0.0000,0.0131,0.0000,
7064173,1,10.7699,-0.1057,0.0000,0.0209,0.0000,
7076212,1,7.7430,-0.1131,0.0000,0.0262,0.0000,
7088337,1,4.7686,-0.1206,0.0000,0.0314,0.0000,
7100479,1,1.7413,-0.1280,0.0000,0.0367,0.0000,
7112537,1,-4.1141,-0.1346,0.0000,0.0445,0.0000,
7124563,1,-5.2593,-0.1395,0.0000,0.0471,0.0000,
7136500,1,-7.4566,-0.1410,0.0000,0.0497,0.0000,
7148501,1,-7.4040,-0.1411,0.0000,0.0497,0.0000,
7160467,1,5.5807,-0.1408,0.0000,0.0367,0.0000,
7172455,1,21.7094,-0.1422,0.0000,0.0209,0.0000,
7184465,1,24.9586,-0.1443,0.0000,0.0183,0.0000,
7196439,1,25.4845,-0.1460,0.0000,0.0183,0.0000,
7208453,1,23.6028,-0.1485,0.0000,0.0209,0.0000,
7220484,1,27.2727,-0.1520,0.0000,0.0183,0.0000,
7232466,1,25.7591,-0.1557,0.0000,0.0209,0.0000,
7244436,1,27.0214,-0.1599,0.0000,0.0209,0.0000,
7256465,1,28.3888,-0.1644,0.0000,0.0209,0.0000,
7268489,1,27.1910,-0.1692,0.0000,0.0236,0.0000,
7280453,1,23.4801,-0.1743,0.0000,0.0288,0.0000,
7292517,1,25.1105,-0.1797,0.0000,0.0288,0.0000,
7304642,1,24.1756,-0.1853,0.0000,0.0314,0.0000,
7316641,1,18.1624,-0.1914,0.0000,0.0393,0.0000,
7328504,1,14.8196,-0.1978,0.0000,0.0445,0.0000,
7340537,1,14.1478,-0.2042,0.0000,0.0471,0.0000,
7352637,1,10.9102,-0.2109,0.0000,0.0524,0.0000,
7364695,1,5.1599,-0.2179,0.0000,0.0602,0.0000,
7376819,1,-0.8007,-0.2242,0.0000,0.0681,0.0000,
7388934,1,-7.0769,-0.2295,0.0000,0.0759,0.0000,
7401015,1,-9.1688,-0.2312,0.0000,0.0785,0.0000,
7412972,1,-11.7868,-0.2312,0.0000,0.0812,0.0000,
7424868,1,-1.4726,-0.2307,0.0000,0.0707,0.0000,
7436771,1,14.4458,-0.2314,0.0000,0.0550,0.0000,
7448804,1,17.5896,-0.2332,0.0000,0.0524,0.0000,
7460657,1,15.2873,-0.2342,0.0000,0.0550,0.0000,
7472456,1,10.7874,-0.2367,0.0000,0.0602,0.0000,
7484505,1,11.7867,-0.2400,0.0000,0.0602,0.0000,
7496496,1,10.3260,-0.2439,0.0000,0.0628,0.0000,
7508491,1,8.9175,-0.2479,0.0000,0.0654,0.0000,
7520543,1,5.1542,-0.2528,0.0000,0.0707,0.0000,
7532632,1,1.2329,-0.2572,0.0000,0.0759,0.0000,
7544568,1,-2.8985,-0.2609,0.0000,0.0812,0.0000,
7556488,1,-2.1622,-0.2633,0.0000,0.0812,0.0000,
7568446,1,-7.0300,-0.2645,0.0000,0.0864,0.0000,
7580448,1,-7.5559,-0.2628,0.0000,0.0864,0.0000,
7592475,1,-5.6744,-0.2603,0.0000,0.0838,0.0000,
7604504,1,-1.0693,-0.2582,0.0000,0.0785,0.0000,
7616437,1,3.7458,-0.2568,0.0000,0.0733,0.0000,
7628420,1,6.2587,-0.2565,0.0000,0.0707,0.0000,
7640386,1,9.5603,-0.2588,0.0000,0.0681,0.0000,
7652417,1,4.8503,-0.2605,0.0000,0.0733,0.0000,
7664414,1,-5.0958,-0.2623,0.0000,0.0838,0.0000,
7676476,1,-7.6611,-0.2624,0.0000,0.0864,0.0000,
7688470,1,-2.5830,-0.2619,0.0000,0.0812,0.0000,
7700515,1,-2.7933,-0.2612,0.0000,0.0812,0.0000,
7712476,1,-3.2141,-0.2598,0.0000,0.0812,0.0000,
7724552,1,-0.7538,-0.2593,0.0000,0.0785,0.0000,
7736436,1,1.8115,-0.2591,0.0000,0.0759,0.0000,
7748411,1,-3.4245,-0.2591,0.0000,0.0812,0.0000,
7760444,1,-6.0425,-0.2591,0.0000,0.0838,0.0000,
7772497,1,-3.6348,-0.2584,0.0000,0.0812,0.0000,
7784422,1,-3.8452,-0.2577,0.0000,0.0812,0.0000,
7796416,1,-9.4493,-0.2565,0.0000,0.0864,0.0000,
7808483,1,-10.0278,-0.2546,0.0000,0.0864,0.0000,
7820543,1,-8.1989,-0.2519,0.0000,0.0838,0.0000,
7832506,1,-6.6327,-0.2484,0.0000,0.0812,0.0000,
7844461,1,-7.8949,-0.2442,0.0000,0.0812,0.0000,
7856458,1,-6.5917,-0.2398,0.0000,0.0785,0.0000,
7868450,1,-2.6706,-0.2354,0.0000,0.0733,0.0000,
7880487,1,1.5134,-0.2319,0.0000,0.0681,0.0000,
7892457,1,-1.8407,-0.2295,0.0000,0.0707,0.0000,
7904502,1,-2.4192,-0.2276,0.0000,0.0707,0.0000,
7916525,1,-2.7874,-0.2263,0.0000,0.0707,0.0000,
7928463,1,-8.3391,-0.2253,0.0000,0.0759,0.0000,
7940476,1,-14.2061,-0.2232,0.0000,0.0812,0.0000,
7952506,1,-14.9425,-0.2207,0.0000,0.0812,0.0000,
7964572,1,-13.3237,-0.2174,0.0000,0.0785,0.0000,
7976490,1,-11.8629,-0.2135,0.0000,0.0759,0.0000,
7988496,1,-13.3355,-0.2086,0.0000,0.0759,0.0000,
8000631,1,-12.3478,-0.2032,0.0000,0.0733,0.0000,
8012791,1,-11.4653,-0.1974,0.0000,0.0707,0.0000,
8024817,1,-8.0702,-0.1913,0.0000,0.0654,0.0000,
8036936,1,-7.4507,-0.1846,0.0000,0.0628,0.0000,
8049058,1,-6.9366,-0.1776,0.0000,0.0602,0.0000,
8061177,1,-3.8042,-0.1706,0.0000,0.0550,0.0000,
8073171,1,-0.4617,-0.1643,0.0000,0.0497,0.0000,
8085135,1,0.4734,-0.1587,0.0000,0.0471,0.0000,
8097171,1,-0.9466,-0.1539,0.0000,0.0471,0.0000,
8109197,1,-2.2615,-0.1495,0.0000,0.0471,0.0000,
8121184,1,-3.4185,-0.1457,0.0000,0.0471,0.0000,
8133137,1,-7.0885,-0.1422,0.0000,0.0497,0.0000,
8145175,1,-11.0740,-0.1376,0.0000,0.0524,0.0000,
8157336,1,-12.4940,-0.1329,0.0000,0.0524,0.0000,
8169427,1,-14.0718,-0.1276,0.0000,0.0524,0.0000,
8181481,1,-13.1893,-0.1218,0.0000,0.0497,0.0000,
8193620,1,-15.0827,-0.1155,0.0000,0.0497,0.0000,
8205685,1,-11.8979,-0.1087,0.0000,0.0445,0.0000,
8217858,1,-11.4362,-0.1015,0.0000,0.0419,0.0000,
8229817,1,-10.9745,-0.0943,0.0000,0.0393,0.0000,
8241941,1,-8.0001,-0.0868,0.0000,0.0340,0.0000,
8254062,1,-5.0783,-0.0791,0.0000,0.0288,0.0000,
8266191,1,-4.8269,-0.0712,0.0000,0.0262,0.0000,
8278414,1,-1.9051,-0.0635,0.0000,0.0209,0.0000,
8290468,1,-1.3908,-0.0565,0.0000,0.0183,0.0000,
8302513,1,-3.4420,-0.0496,0.0000,0.0183,0.0000,
8314543,1,-5.3353,-0.0433,0.0000,0.0183,0.0000,
8326596,1,-4.5054,-0.0373,0.0000,0.0157,0.0000,
8338658,1,-6.1884,-0.0317,0.0000,0.0157,0.0000,
8350786,1,-7.9766,-0.0258,0.0000,0.0157,0.0000,
8362836,1,-9.7648,-0.0198,0.0000,0.0157,0.0000,
8374810,1,-11.6582,-0.0135,0.0000,0.0157,0.0000,
8386960,1,-11.0389,-0.0068,0.0000,0.0131,0.0000,
8399150,1,-10.4720,0.0000,0.0000,0.0105,0.0000,
8411176,1,-10.0628,0.0074,0.0000,0.0079,0.0000,
8423207,1,-9.6539,0.0147,0.0000,0.0052,0.0000,
8435169,1,-9.2974,0.0223,0.0000,0.0026,0.0000,
8447196,1,-6.4282,0.0302,0.0000,-0.0026,0.0000,
8459200,1,-6.2294,0.0382,0.0000,-0.0052,0.0000,
8471127,1,-5.9255,0.0459,0.0000,-0.0079,0.0000,
8483254,1,-2.8985,0.0533,0.0000,-0.0131,0.0000,
8495467,1,-2.3316,0.0601,0.0000,-0.0157,0.0000,
8507632,1,-4.2775,0.0666,0.0000,-0.0157,0.0000,
8519779,1,-3.4479,0.0726,0.0000,-0.0183,0.0000,
8531849,1,-5.1309,0.0782,0.0000,-0.0183,0.0000,
8543857,1,-6.7613,0.0836,0.0000,-0.0183,0.0000,
8555957,1,-8.5495,0.0896,0.0000,-0.0183,0.0000,
8568052,1,-10.3376,0.0955,0.0000,-0.0183,0.0000,
8580189,1,-9.6655,0.1020,0.0000,-0.0209,0.0000,
8592183,1,-9.0462,0.1087,0.0000,-0.0236,0.0000,
8604216,1,-11.1500,0.1157,0.0000,-0.0236,0.0000,
8616423,1,-8.0702,0.1229,0.0000,-0.0288,0.0000,
8628582,1,-7.6613,0.1303,0.0000,-0.0314,0.0000,
8640655,1,-7.2521,0.1376,0.0000,-0.0340,0.0000,
8652805,1,-4.2778,0.1452,0.0000,-0.0393,0.0000,
8664871,1,-1.0928,0.1520,0.0000,-0.0445,0.0000,
8676809,1,-0.3683,0.1583,0.0000,-0.0471,0.0000,
8688843,1,0.5142,0.1641,0.0000,-0.0497,0.0000,
8700851,1,-0.9058,0.1688,0.0000,-0.0497,0.0000,
8712855,1,0.4500,0.1730,0.0000,-0.0524,0.0000,
8724798,1,-3.1674,0.1764,0.0000,-0.0497,0.0000,
8736789,1,-4.0089,0.1792,0.0000,-0.0497,0.0000,
8748711,1,-7.4684,0.1820,0.0000,-0.0471,0.0000,
8760751,1,-11.0330,0.1851,0.0000,-0.0445,0.0000,
8772828,1,-14.7555,0.1888,0.0000,-0.0419,0.0000,
8784942,1,-13.3997,0.1930,0.0000,-0.0445,0.0000,
8797013,1,-14.8197,0.1978,0.0000,-0.0445,0.0000,
8809164,1,-13.7797,0.2030,0.0000,-0.0471,0.0000,
8821326,1,-12.8972,0.2088,0.0000,-0.0497,0.0000,
8833438,1,-9.4495,0.2148,0.0000,-0.0550,0.0000,
8845540,1,-8.7248,0.2211,0.0000,-0.0576,0.0000,
8857555,1,-5.4348,0.2276,0.0000,-0.0628,0.0000,
8869498,1,-2.0920,0.2339,0.0000,-0.0681,0.0000,
8881606,1,1.4083,0.2397,0.0000,-0.0733,0.0000,
8893550,1,2.6063,0.2444,0.0000,-0.0759,0.0000,
8905492,1,4.2775,0.2475,0.0000,-0.0785,0.0000,
8917454,1,6.6326,0.2484,0.0000,-0.0812,0.0000,
8929415,1,6.6326,0.2484,0.0000,-0.0812,0.0000,
8941395,1,-0.9058,0.2474,0.0000,-0.0733,0.0000,
8953389,1,-8.8124,0.2475,0.0000,-0.0654,0.0000,
8965417,1,-14.4691,0.2489,0.0000,-0.0602,0.0000,
8977428,1,-17.4553,0.2502,0.0000,-0.0576,0.0000,
8989465,1,-15.4683,0.2523,0.0000,-0.0602,0.0000,
9001507,1,-11.1265,0.2553,0.0000,-0.0654,0.0000,
9013481,1,-9.4551,0.2584,0.0000,-0.0681,0.0000,
9025482,1,-8.0470,0.2624,0.0000,-0.0707,0.0000,
9037569,1,-6.7963,0.2670,0.0000,-0.0733,0.0000,
9049456,1,-0.3098,0.2716,0.0000,-0.0812,0.0000,
9061497,1,3.7691,0.2754,0.0000,-0.0864,0.0000,
9073511,1,5.8086,0.2773,0.0000,-0.0890,0.0000,
9085490,1,13.7152,0.2772,0.0000,-0.0969,0.0000,
9097477,1,13.8730,0.2766,0.0000,-0.0969,0.0000,
9109495,1,6.4924,0.2751,0.0000,-0.0890,0.0000,
9121455,1,-0.6253,0.2726,0.0000,-0.0812,0.0000,
9133451,1,-2.7175,0.2709,0.0000,-0.0785,0.0000,
9145510,1,-5.2827,0.2707,0.0000,-0.0759,0.0000,
9157408,1,-5.5457,0.2716,0.0000,-0.0759,0.0000,
9169397,1,-5.8086,0.2724,0.0000,-0.0759,0.0000,
9181441,1,1.6246,0.2738,0.0000,-0.0838,0.0000,
9193392,1,9.3734,0.2742,0.0000,-0.0916,0.0000,
9205349,1,12.3594,0.2730,0.0000,-0.0942,0.0000,
9217351,1,10.1097,0.2717,0.0000,-0.0916,0.0000,
9229338,1,10.7934,0.2695,0.0000,-0.0916,0.0000,
9241368,1,9.1746,0.2661,0.0000,-0.0890,0.0000,
9253374,1,7.7136,0.2623,0.0000,-0.0864,0.0000,
9265401,1,3.7400,0.2581,0.0000,-0.0812,0.0000,
9277471,1,2.3841,0.2539,0.0000,-0.0785,0.0000,
9289440,1,-1.8525,0.2505,0.0000,-0.0733,0.0000,
9301494,1,-3.7869,0.2482,0.0000,-0.0707,0.0000,
9313502,1,-0.9584,0.2475,0.0000,-0.0733,0.0000,
9325445,1,-0.9058,0.2474,0.0000,-0.0733,0.0000,
9337413,1,4.3827,0.2472,0.0000,-0.0785,0.0000,
9349364,1,12.3419,0.2468,0.0000,-0.0864,0.0000,
9361338,1,15.5385,0.2449,0.0000,-0.0890,0.0000,
9373395,1,21.6684,0.2419,0.0000,-0.0942,0.0000,
9385374,1,22.5625,0.2390,0.0000,-0.0942,0.0000,
9397363,1,21.0492,0.2353,0.0000,-0.0916,0.0000,
9409387,1,22.4692,0.2305,0.0000,-0.0916,0.0000,
9421456,1,21.3764,0.2255,0.0000,-0.0890,0.0000,
9433498,1,23.1119,0.2197,0.0000,-0.0890,0.0000,
9445619,1,22.2821,0.2137,0.0000,-0.0864,0.0000,
9457547,1,21.5050,0.2076,0.0000,-0.0838,0.0000,
9469632,1,20.8329,0.2011,0.0000,-0.0812,0.0000,
9481614,1,20.2134,0.1944,0.0000,-0.0785,0.0000,
9493525,1,19.6467,0.1876,0.0000,-0.0759,0.0000,
9505537,1,16.5143,0.1806,0.0000,-0.0707,0.0000,
9517696,1,16.1054,0.1732,0.0000,-0.0681,0.0000,
9529815,1,15.7488,0.1657,0.0000,-0.0654,0.0000,
9541764,1,15.4449,0.1580,0.0000,-0.0628,0.0000,
9553974,1,12.6283,0.1499,0.0000,-0.0576,0.0000,
9566086,1,9.8117,0.1418,0.0000,-0.0524,0.0000,
9578187,1,9.6129,0.1338,0.0000,-0.0497,0.0000,
9590194,1,9.3615,0.1259,0.0000,-0.0471,0.0000,
9602225,1,9.1630,0.1178,0.0000,-0.0445,0.0000,
9614268,1,8.9642,0.1097,0.0000,-0.0419,0.0000,
9626185,1,8.7655,0.1017,0.0000,-0.0393,0.0000,
9638148,1,8.6195,0.0934,0.0000,-0.0367,0.0000,
9650191,1,5.9079,0.0850,0.0000,-0.0314,0.0000,
9662327,1,5.8145,0.0766,0.0000,-0.0288,0.0000,
9674486,1,8.2864,0.0684,0.0000,-0.0288,0.0000,
9686659,1,8.0877,0.0603,0.0000,-0.0262,0.0000,
9698762,1,5.2711,0.0522,0.0000,-0.0209,0.0000,
9710809,1,7.5326,0.0447,0.0000,-0.0209,0.0000,
9722956,1,7.2286,0.0370,0.0000,-0.0183,0.0000,
9735046,1,9.5954,0.0291,0.0000,-0.0183,0.0000,
9747171,1,9.2916,0.0214,0.0000,-0.0157,0.0000,
9759309,1,11.6583,0.0135,0.0000,-0.0157,0.0000,
9771486,1,11.4596,0.0054,0.0000,-0.0131,0.0000,
9783495,1,11.2082,-0.0025,0.0000,-0.0105,0.0000,
9795671,1,11.0097,-0.0105,0.0000,-0.0079,0.0000,
9807938,1,10.8109,-0.0186,0.0000,-0.0052,0.0000,
9820098,1,10.6647,-0.0268,0.0000,-0.0026,0.0000,
9832327,1,10.5714,-0.0352,0.0000,-0.0000,0.0000,
9844475,1,12.9907,-0.0433,0.0000,-0.0000,0.0000,
9856647,1,12.9497,-0.0519,0.0000,0.0026,0.0000,
9868944,1,12.9087,-0.0605,0.0000,0.0052,0.0000,
9881059,1,12.8154,-0.0689,0.0000,0.0079,0.0000,
9893184,1,15.3399,-0.0773,0.0000,0.0079,0.0000,
9905325,1,15.1937,-0.0856,0.0000,0.0105,0.0000,
9917476,1,15.0475,-0.0938,0.0000,0.0131,0.0000,
9929486,1,14.9016,-0.1020,0.0000,0.0157,0.0000,
9941518,1,14.7028,-0.1101,0.0000,0.0183,0.0000,
9953691,1,14.5567,-0.1183,0.0000,0.0209,0.0000,
9965958,1,14.4107,-0.1266,0.0000,0.0236,0.0000,
9978111,1,14.3172,-0.1350,0.0000,0.0262,0.0000,
9990203,1,14.1710,-0.1432,0.0000,0.0288,0.0000,
10002131,1,13.9199,-0.1511,0.0000,0.0314,0.0000,
10014199,1,13.7211,-0.1592,0.0000,0.0340,0.0000,
10026338,1,16.1404,-0.1672,0.0000,0.0340,0.0000,
10038429,1,15.8890,-0.1751,0.0000,0.0367,0.0000,
10050500,1,13.0724,-0.1832,0.0000,0.0419,0.0000,
10062622,1,15.4917,-0.1913,0.0000,0.0419,0.0000,
10074804,1,15.3456,-0.1995,0.0000,0.0445,0.0000,
10086944,1,12.5290,-0.2076,0.0000,0.0497,0.0000,
10099059,1,12.3302,-0.2156,0.0000,0.0524,0.0000,
10111148,1,12.1317,-0.2237,0.0000,0.0550,0.0000,
10123183,1,11.9329,-0.2318,0.0000,0.0576,0.0000,
10135289,1,11.7341,-0.2398,0.0000,0.0602,0.0000,
10147498,1,8.9701,-0.2481,0.0000,0.0654,0.0000,
10159649,1,8.7714,-0.2561,0.0000,0.0681,0.0000,
10171805,1,8.6254,-0.2644,0.0000,0.0707,0.0000,
10183936,1,5.8086,-0.2724,0.0000,0.0759,0.0000,
10196136,1,2.9394,-0.2803,0.0000,0.0812,0.0000,
10208195,1,2.3725,-0.2872,0.0000,0.0838,0.0000,
10220287,1,1.5954,-0.2933,0.0000,0.0864,0.0000,
10232405,1,0.5025,-0.2984,0.0000,0.0890,0.0000,
10244423,1,1.7648,-0.3026,0.0000,0.0890,0.0000,
10256483,1,2.8167,-0.3061,0.0000,0.0890,0.0000,
10268526,1,6.2762,-0.3089,0.0000,0.0864,0.0000,
10280452,1,12.5114,-0.3122,0.0000,0.0812,0.0000,
10292417,1,13.6159,-0.3159,0.0000,0.0812,0.0000,
10304460,1,14.9307,-0.3203,0.0000,0.0812,0.0000,
10316510,1,13.8379,-0.3254,0.0000,0.0838,0.0000,
10328514,1,12.9556,-0.3312,0.0000,0.0864,0.0000,
10340615,1,12.1257,-0.3371,0.0000,0.0890,0.0000,
10352522,1,8.7832,-0.3434,0.0000,0.0942,0.0000,
10364630,1,5.5456,-0.3501,0.0000,0.0995,0.0000,
10376623,1,4.8211,-0.3564,0.0000,0.1021,0.0000,
10388623,1,1.3206,-0.3622,0.0000,0.1073,0.0000,
10400451,1,-2.4953,-0.3669,0.0000,0.1126,0.0000,
10412531,1,-6.8371,-0.3699,0.0000,0.1178,0.0000,
10424463,1,-9.5078,-0.3697,0.0000,0.1204,0.0000,
10436449,1,-6.8897,-0.3697,0.0000,0.1178,0.0000,
10448483,1,3.3191,-0.3689,0.0000,0.1073,0.0000,
10460500,1,11.3835,-0.3696,0.0000,0.0995,0.0000,
10472585,1,14.4223,-0.3710,0.0000,0.0969,0.0000,
10484401,1,12.2250,-0.3724,0.0000,0.0995,0.0000,
10496414,1,10.3435,-0.3748,0.0000,0.1021,0.0000,
10508427,1,8.7247,-0.3781,0.0000,0.1047,0.0000,
10520451,1,4.6458,-0.3820,0.0000,0.1100,0.0000,
10532493,1,0.4615,-0.3855,0.0000,0.1152,0.0000,
10544517,1,-3.9855,-0.3881,0.0000,0.1204,0.0000,
10556552,1,-9.2214,-0.3881,0.0000,0.1257,0.0000,
10568493,1,-12.1550,-0.3871,0.0000,0.1283,0.0000,
10580482,1,-7.2346,-0.3860,0.0000,0.1230,0.0000,
10592451,1,-2.5770,-0.3841,0.0000,0.1178,0.0000,
10604498,1,-0.3800,-0.3827,0.0000,0.1152,0.0000,
10616486,1,2.0803,-0.3822,0.0000,0.1126,0.0000,
10628445,1,-0.4851,-0.3824,0.0000,0.1152,0.0000,
10640426,1,-3.1556,-0.3822,0.0000,0.1178,0.0000,
10652389,1,-5.7736,-0.3822,0.0000,0.1204,0.0000,
10664421,1,-5.8788,-0.3818,0.0000,0.1204,0.0000,
10676379,1,-8.6547,-0.3813,0.0000,0.1230,0.0000,
10688348,1,-11.7459,-0.3797,0.0000,0.1257,0.0000,
10700228,1,-12.3244,-0.3778,0.0000,0.1257,0.0000,
10712280,1,-10.6006,-0.3748,0.0000,0.1230,0.0000,
10724339,1,-11.6525,-0.3713,0.0000,0.1230,0.0000,
10736439,1,-12.9148,-0.3671,0.0000,0.1230,0.0000,
10748521,1,-11.7167,-0.3624,0.0000,0.1204,0.0000,
10760537,1,-10.6239,-0.3573,0.0000,0.1178,0.0000,
10772476,1,-9.6364,-0.3519,0.0000,0.1152,0.0000,
10784488,1,-6.1885,-0.3459,0.0000,0.1100,0.0000,
10796599,1,-5.4114,-0.3398,0.0000,0.1073,0.0000,
10808619,1,-1.9108,-0.3340,0.0000,0.1021,0.0000,
10820703,1,-0.8708,-0.3287,0.0000,0.0995,0.0000,
10832778,1,-2.2909,-0.3240,0.0000,0.0995,0.0000,
10844727,1,-0.8298,-0.3201,0.0000,0.0969,0.0000,
10856760,1,-4.4998,-0.3166,0.0000,0.0995,0.0000,
10868775,1,-8.1169,-0.3133,0.0000,0.1021,0.0000,
10880750,1,-11.8920,-0.3094,0.0000,0.1047,0.0000,
10892816,1,-13.2069,-0.3050,0.0000,0.1047,0.0000,
10904788,1,-14.5743,-0.3005,0.0000,0.1047,0.0000,
10916792,1,-16.0995,-0.2954,0.0000,0.1047,0.0000,
10928846,1,-17.7825,-0.2898,0.0000,0.1047,0.0000,
10940979,1,-19.5707,-0.2838,0.0000,0.1047,0.0000,
10953143,1,-21.4641,-0.2775,0.0000,0.1047,0.0000,
10965160,1,-23.4100,-0.2710,0.0000,0.1047,0.0000,
10977190,1,-22.8431,-0.2642,0.0000,0.1021,0.0000,
10989365,1,-24.9995,-0.2570,0.0000,0.1021,0.0000,
11001433,1,-24.5906,-0.2496,0.0000,0.0995,0.0000,
11013491,1,-26.9047,-0.2419,0.0000,0.0995,0.0000,
11025556,1,-29.2188,-0.2342,0.0000,0.0995,0.0000,
11037726,1,-28.9674,-0.2263,0.0000,0.0969,0.0000,
11049816,1,-31.3341,-0.2184,0.0000,0.0969,0.0000,
11061781,1,-33.7535,-0.2104,0.0000,0.0969,0.0000,
11073922,1,-33.5547,-0.2023,0.0000,0.0942,0.0000,
11086099,1,-33.4613,-0.1939,0.0000,0.0916,0.0000,
11098202,1,-35.9332,-0.1857,0.0000,0.0916,0.0000,
11110210,1,-38.4577,-0.1772,0.0000,0.0916,0.0000,
11122282,1,-38.3642,-0.1688,0.0000,0.0890,0.0000,
11134451,1,-40.8886,-0.1604,0.0000,0.0890,0.0000,
11146672,1,-43.4131,-0.1520,0.0000,0.0890,0.0000,
11158936,1,-46.0954,-0.1431,0.0000,0.0890,0.0000,
11171069,1,-48.7251,-0.1343,0.0000,0.0890,0.0000,
11183151,1,-51.3548,-0.1255,0.0000,0.0890,0.0000,
11195162,1,-56.6025,-0.1168,0.0000,0.0916,0.0000,
11207162,1,-59.2848,-0.1078,0.0000,0.0916,0.0000,
11219166,1,-62.0197,-0.0987,0.0000,0.0916,0.0000,
11231420,1,-64.6494,-0.0899,0.0000,0.0916,0.0000,
11243669,1,-67.2790,-0.0812,0.0000,0.0916,0.0000,
11255943,1,-72.5791,-0.0722,0.0000,0.0942,0.0000,
11268144,1,-75.2088,-0.0635,0.0000,0.0942,0.0000,
11280161,1,-80.4040,-0.0549,0.0000,0.0969,0.0000,
11292208,1,-85.6518,-0.0461,0.0000,0.0995,0.0000,
11304400,1,-90.8993,-0.0373,0.0000,0.1021,0.0000,
11316533,1,-93.5290,-0.0286,0.0000,0.1021,0.0000,
11328489,1,-98.7241,-0.0200,0.0000,0.1047,0.0000,
11340679,1,-103.9193,-0.0114,0.0000,0.1073,0.0000,
11352797,1,-111.8375,-0.0025,0.0000,0.1126,0.0000,
11364937,1,-117.0852,0.0063,0.0000,0.1152,0.0000,
11377071,1,-122.3327,0.0151,0.0000,0.1178,0.0000,
11389155,1,-130.2512,0.0240,0.0000,0.1230,0.0000,
11401215,1,-135.5513,0.0330,0.0000,0.1257,0.0000,
11413381,1,-143.4171,0.0417,0.0000,0.1309,0.0000,
11425527,1,-151.2827,0.0505,0.0000,0.1361,0.0000,
11437570,1,-159.0431,0.0589,0.0000,0.1414,0.0000,
11449505,1,-166.8563,0.0675,0.0000,0.1466,0.0000,
11461640,1,-174.6167,0.0759,0.0000,0.1518,0.0000,
11473915,1,-185.0478,0.0845,0.0000,0.1597,0.0000,
11486054,1,-192.9134,0.0933,0.0000,0.1649,0.0000,
11498231,1,-203.3445,0.1019,0.0000,0.1728,0.0000,
11510414,1,-213.7755,0.1104,0.0000,0.1806,0.0000,
11522485,1,-224.1540,0.1189,0.0000,0.1885,0.0000,
11534639,1,-234.5325,0.1273,0.0000,0.1963,0.0000,
11546840,1,-244.9636,0.1359,0.0000,0.2042,0.0000,
11558945,1,-257.9601,0.1443,0.0000,0.2147,0.0000,
11571109,1,-268.2860,0.1525,0.0000,0.2225,0.0000,
11583170,1,-281.2823,0.1609,0.0000,0.2330,0.0000,
11595210,1,-294.2263,0.1692,0.0000,0.2435,0.0000,
11607374,1,-307.2755,0.1778,0.0000,0.2539,0.0000,
11619541,1,-322.8898,0.1862,0.0000,0.2670,0.0000,
11631490,1,-335.8338,0.1944,0.0000,0.2775,0.0000,
11643502,1,-351.4482,0.2028,0.0000,0.2906,0.0000,
11655682,1,-369.7332,0.2114,0.0000,0.3063,0.0000,
11667919,1,-385.3476,0.2198,0.0000,0.3194,0.0000,
11680097,1,-403.6853,0.2286,0.0000,0.3351,0.0000,
11692248,1,-421.9703,0.2372,0.0000,0.3508,0.0000,
11704443,1,-440.2554,0.2458,0.0000,0.3665,0.0000,
11716680,1,-461.1585,0.2544,0.0000,0.3848,0.0000,
11728830,1,-481.9562,0.2626,0.0000,0.4032,0.0000,
11740996,1,-502.8068,0.2710,0.0000,0.4215,0.0000,
11753197,1,-526.3278,0.2796,0.0000,0.4424,0.0000,
11765423,1,-549.7963,0.2880,0.0000,0.4634,0.0000,
11777598,1,-573.2647,0.2965,0.0000,0.4843,0.0000,
11789752,1,-599.4038,0.3050,0.0000,0.5079,0.0000,
11801990,1,-625.5428,0.3136,0.0000,0.5315,0.0000,
11814198,1,-651.6819,0.3222,0.0000,0.5550,0.0000,
11826156,1,-680.3336,0.3305,0.0000,0.5812,0.0000,
11838170,1,-711.6562,0.3389,0.0000,0.6100,0.0000,
11850330,1,-743.0311,0.3475,0.0000,0.6388,0.0000,
11862500,1,-774.3535,0.3559,0.0000,0.6676,0.0000,
11874485,1,-808.3465,0.3645,0.0000,0.6990,0.0000,
11886686,1,-845.0103,0.3732,0.0000,0.7330,0.0000,
11898918,1,-881.6211,0.3818,0.0000,0.7671,0.0000,
11911094,1,-920.8503,0.3904,0.0000,0.8037,0.0000,
11923223,1,-960.0266,0.3988,0.0000,0.8404,0.0000,
11935265,1,-1001.7684,0.4071,0.0000,0.8796,0.0000,
11947434,1,-1043.6155,0.4157,0.0000,0.9189,0.0000,
11959675,1,-1090.6984,0.4243,0.0000,0.9634,0.0000,
11971945,1,-1137.7813,0.4328,0.0000,1.0079,0.0000,
11984090,1,-1187.4822,0.4414,0.0000,1.0551,0.0000,
11996341,1,-1237.2358,0.4502,0.0000,1.1022,0.0000,
12008362,1,-1289.5023,0.4586,0.0000,1.1519,0.0000,
12020524,1,-1344.4391,0.4672,0.0000,1.2043,0.0000,
12032493,1,-1399.2184,0.4753,0.0000,1.2566,0.0000,
12044560,1,-1459.2861,0.4835,0.0000,1.3142,0.0000,
12056495,1,-1519.4065,0.4919,0.0000,1.3718,0.0000,
12068483,1,-1579.4218,0.5000,0.0000,1.4294,0.0000,
12080499,1,-1644.8306,0.5086,0.0000,1.4923,0.0000,
12092699,1,-1712.8575,0.5172,0.0000,1.5577,0.0000,
12104842,1,-1783.5551,0.5259,0.0000,1.6258,0.0000,
12117004,1,-1854.2000,0.5345,0.0000,1.6938,0.0000,
12129187,1,-1927.5155,0.5433,0.0000,1.7645,0.0000,
12141444,1,-2003.4491,0.5521,0.0000,1.8378,0.0000,
12153724,1,-2082.0532,0.5610,0.0000,1.9138,0.0000,
12166072,1,-2163.2751,0.5699,0.0000,1.9923,0.0000,
12178362,1,-2247.1680,0.5791,0.0000,2.0735,0.0000,
12190432,1,-2328.3899,0.5880,0.0000,2.1520,0.0000,
12202551,1,-2414.8481,0.5969,0.0000,2.2358,0.0000,
12214685,1,-2501.2537,0.6057,0.0000,2.3195,0.0000,
12226940,1,-2590.2771,0.6145,0.0000,2.4059,0.0000,
12239148,1,-2679.3530,0.6234,0.0000,2.4923,0.0000,
12251223,1,-2770.9946,0.6322,0.0000,2.5813,0.0000,
12263423,1,-2862.6890,0.6411,0.0000,2.6704,0.0000,
12275683,1,-2954.3826,0.6501,0.0000,2.7594,0.0000,
12287987,1,-3048.7473,0.6592,0.0000,2.8510,0.0000,
12300218,1,-3143.0068,0.6679,0.0000,2.9426,0.0000,
12312422,1,-3237.2664,0.6767,0.0000,3.0343,0.0000,
12324647,1,-3331.5259,0.6855,0.0000,3.1259,0.0000,
12336975,1,-3423.1147,0.6941,0.0000,3.2149,0.0000,
12349199,1,-3514.7563,0.7028,0.0000,3.3039,0.0000,
12361495,1,-3606.2922,0.7112,0.0000,3.3929,0.0000,
12373486,1,-3695.2109,0.7197,0.0000,3.4793,0.0000,
12385507,1,-3784.1292,0.7281,0.0000,3.5657,0.0000,
12397750,1,-3870.4292,0.7365,0.0000,3.6495,0.0000,
12409951,1,-3956.7295,0.7449,0.0000,3.7333,0.0000,
12422194,1,-4042.9771,0.7531,0.0000,3.8170,0.0000,
12434373,0,-4123.9360,0.7612,0.0000,3.8956,0.0000,crash (limit_switch)
12446746,0,-4202.0674,0.7686,0.0000,3.9715,0.0000,
12458929,0,-4277.1597,0.7745,0.0000,4.0448,0.0000,
12471081,0,-4346.4365,0.7786,0.0000,4.1129,0.0000,
12483159,0,-4409.8472,0.7805,0.0000,4.1757,0.0000,
12495160,0,-4472.6265,0.7803,0.0000,4.2385,0.0000,
12507113,0,-4532.6826,0.7798,0.0000,4.2987,0.0000,
12519136,0,-4589.9629,0.7787,0.0000,4.3563,0.0000,
12531110,0,-4644.5200,0.7773,0.0000,4.4113,0.0000,
12543186,0,-4696.4590,0.7759,0.0000,4.4637,0.0000,
12555140,0,-4743.1099,0.7744,0.0000,4.5108,0.0000,
12567106,0,-4789.7075,0.7726,0.0000,4.5579,0.0000,
12579154,0,-4831.1221,0.7710,0.0000,4.5998,0.0000,
12591093,0,-4872.5894,0.7696,0.0000,4.6417,0.0000,
12603146,0,-4911.5962,0.7687,0.0000,4.6810,0.0000,
12615151,0,-4948.0376,0.7680,0.0000,4.7176,0.0000,
12627165,0,-4981.9663,0.7677,0.0000,4.7517,0.0000,
12639168,0,-5013.3823,0.7677,0.0000,4.7831,0.0000,
12651161,0,-5042.1807,0.7677,0.0000,4.8119,0.0000,
12663162,0,-5068.3604,0.7677,0.0000,4.8381,0.0000,
12675157,0,-5091.9224,0.7677,0.0000,4.8616,0.0000,
12687146,0,-5112.8662,0.7677,0.0000,4.8826,0.0000,
12699149,0,-5133.8101,0.7677,0.0000,4.9035,0.0000,
12711132,0,-5152.1357,0.7677,0.0000,4.9218,0.0000,
12723128,0,-5167.8437,0.7677,0.0000,4.9375,0.0000,
12735134,0,-5180.9341,0.7677,0.0000,4.9506,0.0000,
12747139,0,-5191.4058,0.7677,0.0000,4.9611,0.0000,
12759107,0,-5196.6421,0.7677,0.0000,4.9663,0.0000,
12771085,0,-5201.8779,0.7677,0.0000,4.9716,0.0000,
12783003,0,-5207.1138,0.7677,0.0000,4.9768,0.0000,
12794977,0,-5207.1138,0.7677,0.0000,4.9768,0.0000,
12806944,0,-5209.7319,0.7677,0.0000,4.9794,0.0000,
12818926,0,-5207.1138,0.7677,0.0000,4.9768,0.0000,
12830903,0,-5201.8779,0.7677,0.0000,4.9716,0.0000,
12842699,0,-5196.6421,0.7677,0.0000,4.9663,0.0000,
12854658,0,-5186.1699,0.7677,0.0000,4.9559,0.0000,
12866648,0,-5173.0801,0.7677,0.0000,4.9428,0.0000,
12878650,0,-5157.3721,0.7677,0.0000,4.9271,0.0000,
12890638,0,-5141.6641,0.7677,0.0000,4.9114,0.0000,
12902627,0,-5123.3384,0.7677,0.0000,4.8930,0.0000,
12914591,0,-5105.0127,0.7677,0.0000,4.8747,0.0000,
12926452,0,-5081.4507,0.7677,0.0000,4.8511,0.0000,
12938466,0,-5055.2700,0.7677,0.0000,4.8250,0.0000,
12950412,0,-5029.0903,0.7677,0.0000,4.7988,0.0000,
12962487,0,-4997.6743,0.7677,0.0000,4.7674,0.0000,
12974457,0,-4963.6406,0.7677,0.0000,4.7333,0.0000,
12986456,0,-4932.2246,0.7677,0.0000,4.7019,0.0000,
12998403,0,-4895.5728,0.7677,0.0000,4.6653,0.0000,
13010389,0,-4856.3027,0.7677,0.0000,4.6260,0.0000,
13022381,0,-4814.4150,0.7677,0.0000,4.5841,0.0000,
13034399,0,-4772.5269,0.7677,0.0000,4.5422,0.0000,
13046411,0,-4725.4033,0.7677,0.0000,4.4951,0.0000,
13058432,0,-4678.2793,0.7677,0.0000,4.4480,0.0000,
13070466,0,-4628.5371,0.7677,0.0000,4.3982,0.0000,
13082461,0,-4576.1777,0.7677,0.0000,4.3459,0.0000,
13094422,0,-4523.8174,0.7677,0.0000,4.2935,0.0000,
13106481,0,-4468.8398,0.7677,0.0000,4.2385,0.0000,
13118415,0,-4411.2441,0.7677,0.0000,4.1809,0.0000,
13130426,0,-4351.0298,0.7677,0.0000,4.1207,0.0000,
13142453,0,-4288.1978,0.7677,0.0000,4.0579,0.0000,
13154431,0,-4225.3662,0.7677,0.0000,3.9951,0.0000,
13166486,0,-4167.7705,0.7677,0.0000,3.9375,0.0000,
13178452,0,-4104.9385,0.7677,0.0000,3.8746,0.0000,
13190430,0,-4047.3423,0.7677,0.0000,3.8170,0.0000,
13202467,0,-3992.3647,0.7677,0.0000,3.7621,0.0000,
13214474,0,-3940.0049,0.7677,0.0000,3.7097,0.0000,
13226471,0,-3892.8809,0.7677,0.0000,3.6626,0.0000,
13238479,0,-3845.7573,0.7677,0.0000,3.6154,0.0000,
13250456,0,-3803.8691,0.7677,0.0000,3.5736,0.0000,
13262479,0,-3764.5991,0.7677,0.0000,3.5343,0.0000,
13274386,0,-3725.3291,0.7677,0.0000,3.4950,0.0000,
13286302,0,-3686.0596,0.7677,0.0000,3.4558,0.0000,
13298295,0,-3644.1719,0.7677,0.0000,3.4139,0.0000,
13310309,0,-3604.9019,0.7677,0.0000,3.3746,0.0000,
13322352,0,-3560.3955,0.7677,0.0000,3.3301,0.0000,
13334362,0,-3518.5078,0.7677,0.0000,3.2882,0.0000,
13346369,0,-3476.6201,0.7677,0.0000,3.2463,0.0000,
13358280,0,-3434.7319,0.7677,0.0000,3.2044,0.0000,
13370227,0,-3392.8442,0.7677,0.0000,3.1625,0.0000,
13382111,0,-3350.9561,0.7677,0.0000,3.1206,0.0000,
13394123,0,-3309.0684,0.7677,0.0000,3.0788,0.0000,
13406137,0,-3267.1802,0.7677,0.0000,3.0369,0.0000,
13418146,0,-3225.2925,0.7677,0.0000,2.9950,0.0000,
13430114,0,-3186.0225,0.7677,0.0000,2.9557,0.0000,
13442125,0,-3146.7529,0.7677,0.0000,2.9164,0.0000,
13454109,0,-3107.4829,0.7677,0.0000,2.8772,0.0000,
13466130,0,-3068.2129,0.7677,0.0000,2.8379,0.0000,
13478142,0,-3031.5610,0.7677,0.0000,2.8013,0.0000,
13490132,0,-2994.9092,0.7677,0.0000,2.7646,0.0000,
13502138,0,-2958.2573,0.7677,0.0000,2.7279,0.0000,
13514114,0,-2921.6055,0.7677,0.0000,2.6913,0.0000,
13526140,0,-2887.5713,0.7677,0.0000,2.6573,0.0000,
13538126,0,-2856.1553,0.7677,0.0000,2.6258,0.0000,
13550140,0,-2824.7393,0.7677,0.0000,2.5944,0.0000,
13562146,0,-2793.3232,0.7677,0.0000,2.5630,0.0000,
13574142,0,-2764.5254,0.7677,0.0000,2.5342,0.0000,
13586135,0,-2738.3457,0.7677,0.0000,2.5080,0.0000,
13598170,0,-2712.1655,0.7677,0.0000,2.4819,0.0000,
13610157,0,-2685.9858,0.7677,0.0000,2.4557,0.0000,
13622150,0,-2662.4238,0.7677,0.0000,2.4321,0.0000,
13634143,0,-2641.4800,0.7677,0.0000,2.4112,0.0000,
13646156,0,-2620.5361,0.7677,0.0000,2.3902,0.0000,
13658161,0,-2604.8281,0.7677,0.0000,2.3745,0.0000,
13670133,0,-2586.5020,0.7677,0.0000,2.3562,0.0000,
13682122,0,-2573.4121,0.7677,0.0000,2.3431,0.0000,
13694099,0,-2560.3218,0.7677,0.0000,2.3300,0.0000,
13706055,0,-2547.2319,0.7677,0.0000,2.3169,0.0000,
13718009,0,-2539.3779,0.7677,0.0000,2.3091,0.0000,
13729965,0,-2531.5239,0.7677,0.0000,2.3012,0.0000,
13741995,0,-2526.2881,0.7677,0.0000,2.2960,0.0000,
13753999,0,-2521.0522,0.7677,0.0000,2.2907,0.0000,
13765942,0,-2518.4341,0.7677,0.0000,2.2881,0.0000,
13777904,0,-2518.4341,0.7677,0.0000,2.2881,0.0000,
13789760,0,-2518.4341,0.7677,0.0000,2.2881,0.0000,
